rainfall,soil_moisture,slope,temperature,humidity,elevation,risk_level
112.36203565420875,26.66196359547577,15.702341024154357,30.18108982626694,70.03971147985149,1241.543008804582,0
285.21429192297484,58.77108526405223,14.818727944319988,33.90044191574117,86.38026305099905,1472.9634121875622,1
219.59818254342153,88.56512522887675,54.3752748312622,17.51403696377497,83.21126508531114,2578.1874402863227,2
179.59754525911097,75.9002397768605,14.972771990970365,28.74622298820997,40.772993328564155,1086.0127195736873,1
46.80559213273096,82.59050330753047,16.31698356771786,27.15237949431246,40.44746288190318,2621.984085955297,0
46.798356100860794,69.29050300396456,45.56389574507782,34.98491130364813,48.77220574214393,355.5898498324053,1
17.42508365045984,72.30489080660672,26.9843905470324,37.18261181443782,55.275230843872606,2352.715467905029,0
259.85284373248055,86.42760864087873,46.60263341731087,10.364703144321604,58.59189069859379,2557.8881358587355,2
180.33450352296265,32.470120797326736,3.9219694538631145,30.22059757176378,77.57880517833416,627.2711932282824,0
212.42177333881364,54.04824672788264,29.25427162040306,11.55507397359187,33.967630251608476,1348.0049438793812,1
6.175348288740734,29.908849763764202,2.016816010996958,26.465759952320678,32.42708929582464,579.9493465246013,0
290.9729556485983,98.89012071969823,3.7591922073212714,18.628981871310344,57.43373940607363,2149.1519740832314,2
249.7327922401265,94.9653405717952,54.386247200664656,19.203297985664236,78.80145844965864,1652.5085273788045,2
63.701733203482846,13.54841302316553,8.35472226705571,20.588755103570698,43.54047400695378,1942.437705454131,0
54.54749016213019,73.50176552641196,31.945240936513027,28.638773471488303,74.90531368793762,669.8122041730123,1
55.02135295603014,93.27234856740992,24.665736156042392,20.021498970063078,48.187969655820964,714.0629999520166,1
91.27267288786132,26.25178106146002,20.84059957553056,31.98097151770841,92.02602761694615,220.34224397872848,0
157.42692948967135,61.11507074973665,53.99000074123635,22.13582156721609,92.69829609866315,1033.9958520676162,1
129.58350559263474,92.39394678292376,1.30940380652937,12.050596009298758,50.81010429969285,1723.2595178676575,1
87.36874205941257,13.055138072721896,39.82738117053535,33.512795274523214,46.09956277742684,2588.0112505922534,0
183.55586841671385,72.76782405221559,57.80366605281303,18.57274973778118,58.79127804463619,2034.089597630174,2
41.84815819561255,36.761410663529574,33.610091007710515,22.98300638797788,46.83721096261041,1362.649337859279,0
87.64339456056544,93.19565758388774,56.20934772198551,30.563316496657045,77.06686903041926,2864.048331743,1
109.90855298810752,97.39524206488309,3.135472757161426,19.97368471446136,87.82452791837999,2185.8110816699123,1
136.82099526511078,94.98398402020905,25.127599144449682,11.697569684401468,77.11644916378519,2797.479088301395,1
235.55278841790408,52.67927949917174,15.60946745772307,21.217631410384406,87.70453130745446,1630.0051224892804,1
59.90213464750792,87.58383858903821,43.84925789884379,38.333457480829104,57.78945135452319,850.8223969001049,1
154.27033152408347,86.00944586815633,58.8778254298348,29.252031918956746,40.94218794962026,253.19739045769376,2
177.72437065861274,38.71904259189301,15.391803746654869,30.14437446001621,81.65656631783145,2205.6460693031663,1
13.935123815999317,84.60239267356096,39.250476088444465,28.968464609129196,55.23321535990877,451.77869421604896,1
182.26345557043152,13.330687124394336,11.885857965584407,15.969764168783104,76.98895776603928,978.0478719887049,0
51.15723710618746,63.66428906338477,33.919815274296596,22.550015923068404,48.9450759387236,1644.1656328633023,1
19.515477895583857,30.700795355893273,27.83594920130017,32.52819395089955,35.68607443646709,1736.8081045612682,0
284.66566117599996,20.851019719955094,58.32031977789222,13.041186926594774,99.48072568414344,1841.6912712626945,2
289.6896099223678,16.925788146628825,36.51163636178799,18.335583282691367,40.93410555514195,582.1404580141318,1
242.51920443493833,72.66598982903258,20.970382325209126,18.289573253975608,99.18946957744367,1201.2384739827814,1
91.3841307520112,40.58874673912595,6.845747093276002,22.960567827835177,98.40959527965131,1889.8632586392034,0
29.30163420191516,75.22900943758853,9.074809724096074,39.41106222826555,85.56726727356278,2912.4747074379757,0
205.26990795364708,15.882070671904813,13.519015797074106,12.025076400514658,76.15960734573983,2210.1302993290974,0
132.0457481218804,38.37613040475493,15.057999680417879,25.56102983141785,70.44649351757593,2775.5508955724777,0
36.61147045343365,58.55421631378035,51.036963470468265,15.380940460366315,90.62710817644843,2310.4149691111134,1
148.55307303338105,81.16508483550672,33.6733672969515,39.12029636229232,50.26076651336416,1815.9792097879613,1
10.316556334565519,38.68772526388629,31.403454682461987,13.399105141823926,62.73768487394139,656.8677704953992,0
272.79612062363464,66.33022387933082,6.886132312153048,22.10803007084774,73.35729785565513,2033.3883904882878,1
77.63399448000507,89.73799734125684,51.6083816009661,32.136549545038186,58.78333331086438,1907.8007412837305,1
198.75668530619458,65.42768693640741,43.36885819250902,31.13663284082336,59.924051786318756,1847.1605943260727,1
93.51332282682328,30.96635272782704,4.060101714000095,22.681859106817967,53.11992672514591,1520.3790171658982,0
156.02040635334325,12.196070340088422,42.47010583378612,20.395725038581546,69.49622716791752,1633.1041515688992,1
164.01308380298389,88.3088986510837,32.61229304055876,21.92837135658612,89.54021696105812,1069.883328642502,1
55.45633665765811,11.914246976534843,4.903520744806695,17.92828789475918,44.1069864604419,1606.0068086626793,0
290.8753883293676,88.72315054157795,27.498038491719388,16.159988161203994,95.4103127127409,672.912126467587,2
232.53984700833436,57.60434206244908,29.081777227802817,24.4911909267667,78.23613576237608,2435.005752345093,1
281.8496824692567,94.51609286616066,9.946472409796545,18.056012682028218,87.6291248876021,638.7531686262527,2
268.44820512829466,81.89049121962988,56.74188882001694,18.623849946917503,68.9333484841008,346.4022406794526,2
179.36999364332553,99.81406994800037,50.998522288839716,29.702681904236712,84.56616909968444,1365.1134764357564,2
276.562270506935,41.564063390653914,40.1413402397465,39.05611995099677,31.134027813762703,2009.0915745675793,1
26.54775061557585,79.04694600380142,27.737733660036433,28.109116016781254,87.28662973456747,1369.37879230727,1
58.79485872574356,46.1737822248318,24.70593249507051,12.309384011948989,32.80972013597565,902.5869826587949,0
13.56818667316142,53.18880582735179,39.05840802905725,12.267508415622009,92.29393634540037,1718.6964332822781,0
97.5990992289793,66.47549168965331,32.725912164414325,38.54269662536698,99.43739230670504,1106.3067726953798,1
116.6031869068446,88.63094027677049,3.736386352913137,18.91872370922001,50.58472235237445,2805.316301367236,1
81.40470953216877,98.56751222793656,30.750158926219903,12.762009582474263,44.72229894000556,2775.670904850359,1
248.6212527455788,79.14460724780663,48.38421703397037,27.971337614511448,83.57543547006284,1556.878277919077,2
107.02599800807678,47.59901039506004,27.554392655817484,28.709463348707985,47.71184386441773,1050.8635826529498,1
84.28035290621423,47.922130204936316,3.1173946532561048,29.455144603560644,90.58936682205425,2237.6840004742535,0
162.80882494747453,76.38240714300024,47.17669196304199,18.02206083572624,37.19898145102337,206.46753610089326,1
42.27726749242879,31.48994311914721,12.081826928158463,10.45332052643425,38.81686374655508,1476.8301175265885,0
240.6590942262119,19.94267018182552,15.517250093282327,38.95046108363415,98.5406088570431,1075.337843383967,1
22.365193103931247,41.91599418766989,9.882381205937754,17.526791370733076,77.16872287890033,2769.5540667974087,0
296.06608098015516,35.85150924886736,19.812903892289853,30.280788641576425,89.2821057100267,134.80877909077938,1
231.67343078899722,36.66773084103911,45.4050903413181,31.19889609636129,52.703056414606266,1703.1631395832123,1
59.61470446025172,31.024697594491894,31.16315157023624,28.300222512384572,77.35386246644231,2247.9243850932153,0
1.6566351370807197,13.78838706727257,12.292876449042753,19.387221826409444,71.5969279116018,1506.5521638197197,0
244.63842853645025,11.608654126007243,52.66980468912245,18.132887612921973,72.22050840860629,347.6687874718928,1
212.05720315428513,98.89501507624284,52.77491129709175,27.930048481081094,77.77727216764052,2920.1380310809163,2
218.7021504122962,48.49958203622761,52.23470550276041,35.98286900835075,70.2751421190369,1602.230250990684,1
231.38110400578373,44.58939824437135,14.327772682892357,38.402011867701866,60.03436585118662,1881.140108525133,1
22.21339552022711,71.16825544237628,27.074360650859287,13.177174132112729,49.31458860663828,786.1683698517712,0
107.53971856328178,29.642849907855776,59.0993793684525,14.644858377931595,83.80069316392414,1502.144446809731,1
34.760717857538914,95.49650655552028,46.32074857859942,38.34208776349239,45.83907010022303,1344.5335266791335,1
258.93102776267807,80.77105129739968,1.630045273533589,32.09605685004378,78.46480143080899,317.19794180575286,1
186.98943804826737,18.046990208103356,3.912275475629523,36.489814744893195,46.33329758545287,407.86502528765493,0
99.26940745579475,47.58226982064355,27.835882608739965,16.078979024060295,73.77311189681177,2528.670306894446,1
19.067505085807092,89.12064768059483,54.55321235169361,27.627576133282055,82.29547869903203,795.4778613991117,1
93.29469651469866,95.02588200622692,32.32210787716285,31.03418783252421,45.30997222345775,665.3789873460286,1
97.55499660802411,52.06613601248827,29.868750482057415,30.40335656340918,34.19603106029158,1564.243208625404,1
218.88185350141922,65.2070250289637,6.328421997397835,22.244550726000945,39.16816200959219,2329.3666809512874,1
191.26724140656393,25.03305514828677,39.40680628345764,10.461846750739255,72.41978770897178,279.64490387906494,1
266.16382277289796,99.20517635232788,49.32618963601353,27.487781704127894,89.46124843580148,1772.742966950942,2
141.66447754858478,30.850453124509905,22.82520045045374,17.593046175388263,33.14977748647971,445.71028423766273,0
35.87827378149051,94.84585967216131,46.536711055519646,23.50762738428671,81.39058813291524,205.73704739429354,1
213.9734361668985,68.46819840931316,57.868599234048695,38.72743045251452,53.892305216503644,252.95746127043043,2
228.23551458506924,64.69631153909732,12.225987547661346,21.97105952927304,63.496985894366574,2519.07591380448,1
168.38315927084886,56.141965991485776,31.399777871684478,35.1940481999328,95.02016848918959,442.12020252137853,1
231.2901539863683,30.760283054598283,17.228277485074532,15.656218172477534,53.238005331509186,230.93895679564665,1
148.13867890931724,25.887522880495744,47.57126514203036,30.173814940750866,62.573585375764026,1369.9096727144456,1
156.81984881459823,29.84375881631578,34.65560195286945,39.3102086331683,30.95776903324768,2547.581068631872,1
128.2623055075649,26.779443592982908,38.074945053018226,13.056793026188103,35.71191040033869,860.9842918189756,1
7.625738023228557,80.16260262100779,47.87484957695364,10.24959826681576,48.10141137943488,1322.9665908251575,1
32.367428097991336,41.51127332500571,23.758228359747292,23.007483778978433,31.94965685747521,215.77534443487855,0
9.428755706020276,15.205840890705673,54.905404104422594,12.778764491541015,74.19627282337757,1402.3276909911401,0
190.92312337913413,97.21923671267302,31.9817320347684,32.45153049028694,59.847884976113576,1775.0779338476877,2
94.306794322898,89.54072964670831,9.47728937012088,37.436459915456766,68.37016419096153,1755.6304558812199,1
152.57120734941083,93.49770548756916,41.75394709012815,23.020629181262763,42.22530301274307,1064.037407305659,1
272.2699421778279,99.54170403817918,47.59568102629527,17.76134926466323,50.71524206056313,1015.046223923093,2
74.78766874466248,25.650572429753858,19.0057006240516,23.03209957019829,76.46771323969077,409.2084949161339,0
123.11487691068892,45.661781701239285,51.43075541992518,31.70343453550003,97.57119065412799,1163.7151298741783,1
226.6653415629146,78.24146281336822,54.368595285945986,10.271624847411129,33.529174152154646,388.5345397315975,2
68.63944964748674,72.6418556248413,16.614269242668534,27.683619684540915,92.32690245986862,2323.12823966495,0
23.093972948637898,23.850631570586955,59.01128836291333,28.398750546621372,70.38168409178459,2902.195463469739,0
86.92543587413041,83.42498124915559,8.442691682925505,29.130647406878065,69.47436967289366,2913.21592433345,1
48.366386176201324,30.19965146529946,12.120940104149398,17.260662399426316,65.01949746454322,2608.706188188642,0
278.90929570277194,30.14358533403608,11.053490354281568,31.421581701343804,34.85758601329284,1842.2972330848954,1
242.43611386932508,58.32769806040722,53.639382600472224,12.741744589953292,36.29137962153125,2132.510522007252,2
190.02112695312704,63.364594135753286,39.25755313949771,15.978110094004023,72.06384039613603,927.0968277732007,1
261.43817705631534,62.20775870540301,9.126256993336373,36.32410139963446,53.86710000048908,1929.2342185005998,1
241.10162306973433,18.233815365797938,26.41940510210094,32.16169452179699,94.20876466043765,1421.3836933756447,1
55.97101766581075,88.97147763673424,36.917881504188124,10.412366620340357,58.46133761516306,1497.8502853531043,1
267.76769954699336,33.90400383298355,5.0078450993629975,17.451287811094005,40.029702109184875,2297.552025087958,1
161.8026725746952,21.656342915452377,52.94498210444032,16.432194489794938,80.03031834514252,917.5632312320298,1
242.23204654921875,89.98732718820794,48.21621212649211,18.124189841109178,50.534739500870685,1022.3148739141077,2
268.82738997704797,96.0086348406778,30.312406414598293,17.42679310839659,66.78292151491252,2781.461194273046,2
95.40104249155917,87.59148555389055,58.02759691555023,11.875788872285373,78.8482949853619,263.0504550678195,1
33.01557735830303,82.85644672523902,25.065658756505982,23.76821549790461,93.01848778414492,1508.339465398687,1
68.3805487625825,68.97177825751196,59.04661914218987,31.982004243584953,85.45338363611734,2747.122321182799,1
128.1323365878769,59.57716335482254,40.07519992821762,28.201951741523093,77.34527475109068,1870.0527226726554,1
245.40442977674795,17.828808392026914,38.08027639523649,30.186150057942392,77.57432276766005,1684.5805152151831,1
258.21917497690305,46.760789176362884,9.957293717747099,12.434475356087175,96.21472508224606,824.2581197651301,1
2.085639159357211,43.54196653110826,52.91566549827864,38.54472130530362,50.70768682475752,1095.4989182868999,0
153.22419077326973,33.37784053842935,25.64938127523691,35.154755015290746,30.077846593733117,2570.9404058336095,1
125.22330094463369,75.10781023197265,9.734004346948762,34.15270955486988,49.03681915787391,1721.7325821285285,1
66.63234314121908,54.628816157089375,0.7564511985455424,34.68951415125302,45.252396573872076,1592.7523618946616,0
35.95961020010484,17.294159431688314,33.585341018302955,37.98131524398284,76.32842095797987,388.7811692660839,0
101.28455142108838,29.81648817548302,31.64397732736058,26.327618983410932,74.35981198358704,146.48165371985704,0
282.87291117375577,71.49328872936363,43.16121734214951,16.008460536028778,71.54229678933066,2894.6870471924426,2
96.96087960622657,16.851777354127016,53.415483181068126,28.503508235576234,31.13704102466176,1193.2598851318407,1
155.63718652300983,86.60862226438918,4.764395078581771,32.28644481003817,81.01446381154533,1849.3178800885626,1
210.90568766855336,54.56318743125769,43.88978942042174,32.13752180062076,52.64712887398441,331.1737122431265,1
109.0888807137882,53.25279195939832,11.244716645854933,25.643470725006402,76.55391923046417,2081.031428596835,0
291.5346248162882,63.31670061935658,51.49062318942984,12.053761580007341,68.96048999515074,2804.4434552472867,2
288.7341884826334,84.22128693326343,49.14381083169937,21.133388152903834,53.9911647799535,1769.429233692517,2
75.53468874760925,41.30282871119738,32.44762529913266,37.62299825390072,39.42033869728754,465.73443488869066,0
149.17455176771563,71.02145373031573,42.61456791739869,27.53346729272278,36.609322836233666,1786.9924296730824,1
90.2634929450309,60.9158767596212,18.861006791024902,26.149958297671404,88.20628331785565,2322.4069180034917,0
85.45214831324029,34.03254431524792,28.270073935968878,18.065605431465805,94.28782794570905,1278.6079560646542,0
11.06608420635984,89.07669877196422,49.2982138626283,21.053467597497367,75.48516327350097,2651.5294690302567,1
182.86930019396905,81.76834194462353,27.555911830392834,36.86038267459508,37.24038804023384,1981.180564736357,1
150.80370696865845,69.26066511925829,21.46789591952651,29.99389142580507,58.14190518217685,2707.8218630386873,1
15.443625374996806,86.55235561848177,29.652746835017993,33.62161080256999,81.025744007361,1908.165402617278,1
83.59393927098343,88.05647808638221,49.6949551462331,23.630362692029653,84.58746188070477,480.73511881399025,1
272.4797657899961,73.75266790435313,20.112482842252362,28.907416583684736,38.2753035603762,998.1059622050484,1
71.86856720009173,85.33119955273048,10.425695588144627,17.451508262296226,30.00215031917677,685.205349932125,1
43.46846162736693,72.77243155023552,42.72084121984685,31.163824908504587,79.84959321164234,2735.5968433789008,1
146.8358280832689,71.21266945842703,49.55869276248491,22.82804001110012,54.9617323190344,2305.1601951336997,1
295.6951362331802,65.67502403936659,6.038248711412,23.27636544444237,47.81369321327821,2061.5552698390175,1
72.61658145345012,77.74449756018771,14.392446765356684,29.47966973730645,30.90282288526678,972.8023269317029,1
201.64066422176356,24.274459476376634,8.518319385659634,38.0884186440678,67.82095847330498,633.7298389456192,0
228.48588459861529,89.27836832790356,20.87648469493,11.920190398258628,89.58055147981872,2293.7081551678443,1
71.2912631977199,88.46591749707088,27.021058734324757,34.74229712041023,97.03421523908115,1475.058043049331,1
218.46490458355788,12.632255473110323,44.92958021779839,18.77149331236579,69.60214654293024,754.7897012368245,1
110.33493981577597,84.32350755082864,39.06885509290045,23.317583635191333,66.0122929417926,1888.2037366792977,1
189.69174917807385,21.598288072610067,37.25571404870587,10.65739986325027,35.953946984246876,216.96817120151073,1
190.0589132282684,40.16069688332277,21.142496796579266,19.03138233502939,68.42109610798198,1045.8937369719351,1
160.73240522242753,76.9157430662447,50.48685318508559,25.078937278903915,56.598535527577624,1458.8152843142905,1
27.08693101632249,24.46839064434774,28.277230043889872,11.68528232042317,72.49946966185038,529.079168917277,0
250.5907486767714,83.6170321707156,58.74629628090927,24.732871881494955,57.21084435135827,2955.4979850134346,2
96.23401949152075,84.89207601619677,38.04852829774421,37.81331886575282,46.82093864152567,706.3823573098813,1
55.95555311995627,55.67209603847526,7.575884493870165,13.161796543234157,36.647569265986355,478.02407712547006,0
12.232542466429175,10.574728454515022,40.57065372452604,32.93322184226513,52.0442911212227,690.2511342719995,0
177.26788295647253,35.83343198574215,19.50624092590194,22.29013160127978,36.76513840014266,2330.2772861632,1
203.26930855268472,65.5234226538168,41.17963180116585,29.65521143573014,42.38278655767888,1333.966411888344,1
4.976348678356846,98.30675602246811,4.1784688897443445,17.807097939556883,99.11353110056821,1739.7062252823603,0
153.6279174897843,66.86321743150015,10.492886230557563,14.78476787624075,61.087248983463304,160.92655526044615,1
67.94873255938138,33.38232229577439,51.34423553434718,14.813878428136793,67.23102365535115,199.85079486261222,1
193.55183712283497,67.06051327896502,13.630773421410893,12.11475836929434,91.15329701160508,1392.894094498347,1
52.309928701497434,58.59868417442699,50.2224675145764,15.56940114703729,99.68982303434815,2468.300205284708,1
207.28132143073978,80.18608556360293,16.756565307264626,29.92658154966905,70.79001145412771,2667.192748251939,1
116.02060389016123,19.628257494426258,38.572914603522456,36.45071835530524,86.87316747309202,351.44904602735664,1
281.01899662102034,78.49251122518253,41.64903441058986,34.423770567734856,52.88587170356727,1661.252996092966,2
41.256283243797974,58.71399208084993,30.759285188703174,30.55402929623452,51.402077021310376,2748.3660902098845,0
102.31990531507755,96.66928034730952,18.318640601803878,13.31295590233308,58.189260469619214,1225.1209877538704,1
34.042056372176724,40.76849494348175,12.758662582265767,18.675623388878495,77.07550838715544,2505.740911142269,0
277.4080854835688,66.93597038205533,1.9913612737455733,19.29420625967407,77.75341824785691,487.717397758365,1
263.2018060142943,93.88252949590157,18.236784074443428,17.498708391928638,52.06676042546155,2812.6440200366164,2
77.38248831454668,19.225875519161132,39.18976743187698,25.450169791291692,39.32469468956401,2279.1276208407776,0
197.99521381025372,94.3505638512806,56.29828910690896,26.066614446390176,74.2677379525856,2829.869739082015,2
245.16666006036476,71.9097150070732,52.272268935783124,20.706579255133306,38.982810353213516,2062.1899773022687,2
166.5602434798387,16.10533531946547,45.96388659211816,20.61367476209308,70.4944755760531,1153.8714027983383,1
158.89517350680194,37.086721025213464,47.30684059519792,34.856667937182436,78.53954896394163,2820.725400321695,1
72.55568727013551,73.73548797807534,39.89909420855972,33.67878544959056,79.04280474761161,899.1436512966176,1
27.930830341769763,16.061554132189453,15.61721145396018,19.23387495042237,82.74304774617177,1063.3003139790244,0
269.16472738599805,62.39534141586459,54.43170184234979,37.41365331619778,91.10015950959652,2132.344412205047,2
270.12541714899913,41.129475125766106,40.243938714350044,38.584450510075186,64.9971294375352,2319.41726862362,1
189.93043718198038,65.88239659907293,33.6264378588264,19.802276260901223,81.11744326706997,2795.270103162546,1
101.70893731461021,14.116783043126157,6.659368152808865,20.632748463791646,73.34209147560857,693.9269862630075,0
104.76287238379827,88.43831255371387,26.823332628385526,25.169024602658766,43.06479578583778,2414.1943021357497,1
217.7867036610718,97.61400722596572,27.62149627211558,38.233624376010205,31.79827514085857,2241.783554851194,2
269.1330779857731,97.19900697571224,51.8738165713602,36.289582994269345,49.91789699738536,285.0042131354338,2
266.1259272795352,77.46866485686323,32.798893211267306,13.077038877507693,61.01235944363336,1222.9471095096,2
233.96266375728715,21.70776161175688,22.82403293822458,21.781922298142486,73.19741611000595,920.0198254742859,1
192.60949384628634,78.24368763361203,58.60801971063956,26.601135692493155,89.49715313522438,983.0222306266882,2
25.24198949851465,12.212822481292136,6.64323559957894,25.0939741765462,43.737200169431595,2950.5459507086325,0
48.48861422838413,11.991119637609753,25.352905698716675,15.81589203810678,38.7884852928934,1964.0544990917908,0
269.56625655812377,39.12491972345872,2.5214805102843174,35.76450313504464,97.44359632320293,2181.260857601149,1
181.928717897877,53.977887136419916,44.39424724601582,30.30822348990512,37.5631191563485,2932.1911482135265,1
2.7591154849888944,79.33666760270138,55.084593131949035,35.13725124555411,63.49437490750324,1193.8851691271523,1
30.441462859809633,71.49658389458547,16.802239773029367,35.76292838048417,70.98946101553113,2425.3364885131373,0
199.05053073241675,50.13124357390735,51.50050060794725,32.450675609972194,67.89620946352068,1360.1397935830366,1
1.518475153865606,34.62639996534993,17.533093827713866,23.17631803749152,36.02225099230603,2621.647648263441,0
48.2424154252496,99.74120501419401,54.64620969863491,28.316402650462738,33.991883980253355,623.9068698027793,1
164.62013680997583,48.356317201237566,45.23771421580704,14.810962183592295,37.3838399222725,2848.289913486411,1
207.568559307808,50.62483218967079,48.29440661048632,30.20936252424723,70.99113787108288,734.4379543915511,1
195.58837785078015,24.726143907250226,1.08039333602727,15.377597672178423,68.10414213440248,1046.0394702447015,0
67.28079283816794,81.53285938749364,57.768621424441555,30.818487715304705,46.36185544257209,2292.957478909663,1
213.65376640426075,72.43140032033398,43.600259524219396,16.887944822619062,74.64418992919141,1241.8899105396795,2
71.17472624904002,29.869265150988436,18.285065723168,13.5265390045066,87.40472514389546,1863.8129926226952,0
97.61990944778032,17.414294105425842,49.76367989153081,14.958534704288724,32.910527189261565,1389.2631531013426,1
223.94742153540724,71.24493718672417,16.891271904895795,10.059764056572108,64.86909604836296,2252.8728175603674,1
194.8898697141644,68.90600928530216,52.36523037396768,31.56218853560591,78.25172884718832,762.1606318689714,2
254.76702314825337,34.59335742983884,6.754823424716221,31.97203147175137,47.6618348948781,269.52816298694336,1
197.28386769010302,95.57772060253693,42.22115864764775,25.448000497397786,51.54396337052044,969.7952526718921,2
170.49258100064148,23.59521026028102,32.44190859869462,14.84088403166151,72.95465320925686,1475.4951281184478,1
28.102430348427742,48.91013209383417,5.792068211726448,12.506630125320692,92.85547054106158,587.2581513587679,0
110.31474091783005,94.9254328150839,14.513629695530339,10.57386899311861,86.69470942120296,1128.9121400035272,1
79.56071030451764,47.775458523351006,0.7442421766388874,14.97244530895662,70.81911533697084,1259.9507530513488,0
73.19689301372507,67.4673352897677,28.126077927870348,36.72566604949441,81.11552024300744,266.4363466959933,1
291.9031664257337,45.78349581665149,18.075915645600023,17.24610525105045,55.537572914545905,1791.5910197341932,1
117.92931740002813,34.67936821138031,35.90144905786553,20.62813981651647,74.86758696691304,2664.5959411167337,1
267.613966553134,98.55798831638454,17.83426846251703,13.160364534439996,62.63271137892899,540.054447563852,2
189.34158779917885,46.84006056835387,17.99514669041908,16.67083914244511,43.295529552029265,1833.6432388643907,1
238.44339106249453,90.4689283311221,44.5915919238962,25.576737123406154,79.121679171408,2027.7436942414543,2
150.79112793155764,30.695914530197758,2.888570158701207,28.232580492869577,68.95252461441754,1316.0705732159363,0
173.07116538790774,29.1794233622575,54.173699711519234,17.36056942498633,55.103510736751396,2133.183003356383,1
147.75530814565917,12.802067459606022,51.13583246347089,11.731964776753516,93.79374330550415,1291.1214761239348,1
58.57289633941335,68.65001428382965,40.06828099358439,21.73098607382196,31.465388247871328,1563.4481351345612,1
216.7356345784516,43.1673709351385,35.593294206443055,17.026101127790024,52.10412058746472,121.32382920783824,1
84.23170873225673,87.79224248556733,53.53814988837913,16.58661769689406,33.98169784443526,2105.9883309905977,1
7.294789929436152,52.588891602240146,11.119810771722866,38.795884081403656,83.65691213551389,2017.8937689397007,0
193.64168877215033,97.13740851232495,4.738149731449717,28.489014577771723,79.14752178796547,211.36254424639924,1
53.13320382211468,26.697296413280903,14.370610194572286,26.706353295162877,53.19465531154219,1167.9253114458859,0
282.1375753058743,88.17608511600497,47.67469672201142,22.47325310569966,77.29640315449511,2939.1923382958353,2
286.1785731007762,79.89371675125676,2.0802160035889994,22.86833000290433,57.71560583371649,1320.1360314489887,1
274.45931706613453,79.38296601796468,34.968410105009376,26.227150115142425,82.9377653995704,1555.641674882341,2
111.04761007663332,86.03049053051988,59.7262509714786,30.892894211083217,61.79285639156943,2738.797458663184,2
4.6369849586602285,78.4921591848699,51.34176563025237,31.064382885454883,58.85958094821659,2180.0594400106934,1
278.4955687763176,66.35982894682738,31.286741342615368,15.150817231163487,95.43109408418107,1788.0033802602484,2
128.4552444951943,21.81203899141488,3.8184545571985407,25.00338256229881,47.56153699234902,2413.6335758891105,0
289.99644571310085,12.927356154212672,49.88241086314259,22.35874285102306,38.43131379975958,2606.6621727223223,1
289.08599312677586,92.87630630341182,35.93871049063263,36.115808988081525,70.91801792816207,1424.975408038074,2
255.90283664020802,65.49852830686643,6.8959798235740095,28.942567636551292,97.85252685989252,1477.8142583023227,1
88.3346676208757,81.68835618785587,5.631437089401372,25.975121992479455,56.44874496090307,1219.547713390324,0
115.52931858057758,53.3370116361295,54.57760916619554,13.461839265367521,34.342573454014705,2903.4478060535357,1
255.34100145505707,20.557737006615504,40.152015776284706,28.169136679702344,53.75136871166972,2121.7821374420164,1
95.0766015468833,21.26672129822954,49.757207959005335,13.516117170407004,65.41521580236909,341.34689200340966,1
50.847824005827746,71.70087585060742,52.73873401693604,20.116197266972563,41.33461046425496,2602.5829076077534,1
167.04037873750505,48.72753054095164,34.30634112289933,14.285258944429955,76.06715526395445,1493.6238284251774,1
280.8464322482343,28.047225403030303,31.046781105302475,30.762209410731067,99.84245723071405,299.38632862521365,1
208.8089390024919,54.24350920672932,25.82564461925941,16.18756341508458,61.62176331870107,1694.180039973602,1
171.01835102680948,15.778804336762068,19.016795267467156,21.75578119564078,54.83099897111488,1309.7764090295361,0
29.15294813123056,62.37742617229589,26.075757651522707,36.87024332856336,58.049291678412665,2645.4732741016123,0
184.50216800975093,34.209406399158794,46.432779343809386,16.12949150196911,38.06023248766408,691.5843504672234,1
297.01615503127897,81.78031905734693,36.11540586090789,25.234151918763374,91.82915209983567,2496.7473675273304,2
42.02520457095721,37.932576303121635,53.55139739729076,22.57814983498066,59.037795886494635,1717.297204437813,1
155.49889570912103,50.969813417362104,26.602800862751263,10.543721231371892,57.109208799738894,258.36987931906026,1
263.21192157838664,11.045848591729058,36.425374723125245,33.782743407184384,76.1783191051332,2918.3513738439055,1
222.23058532626132,16.5202199015103,37.87845318551932,12.071377189437992,60.94233946517865,1586.5842078992798,1
209.10472229858038,45.32442007660163,35.501829738379534,24.227650629308606,75.37634281654923,943.5428772715892,1
210.7452251961328,53.19449512454111,42.15802638513098,26.8203488481685,34.301240309155126,1461.2798417688484,1
107.84734536592654,64.00184933073734,14.246008102488377,28.852793698437612,86.96063406055592,2587.787572200718,1
88.07755327934801,36.24963208383729,30.741826652747438,30.658948879236267,95.83527670155819,984.2190607166842,0
242.80834664355407,72.54836975138883,6.25348816850086,17.598171505681453,75.41357703115702,658.7615498114309,1
243.03401840375423,87.41101574702842,23.070679658688753,10.29936329975348,96.81961502011676,474.3066160995562,2
260.1216955740311,80.18658900040148,29.260024117275865,31.70330987064736,40.600262005897434,963.7922553316126,2
273.9721657669414,13.565694281352144,39.13345557272835,26.069697980427357,63.41913326362476,2362.139452416126,1
153.40271965828134,53.24562525320461,57.03186315517221,35.08353109621746,72.12647137618131,1467.716459066259,1
150.45488840615988,19.44371605763574,36.039063992901355,34.64165088702083,70.72156531948306,759.696650711266,1
239.48855369003255,31.78405142762747,44.61563497059359,35.299785033636496,58.10232453623303,581.9364988682727,1
194.98917923332954,98.79963339404318,30.375963569712166,24.552839799386206,53.6659086556383,1064.9154818800994,2
210.590063177311,22.824598861136188,38.04624188257988,20.008851875105968,38.87768157852932,2825.7806813685556,1
238.7378008308303,54.899933810622045,4.255932968026405,33.7467460777411,57.421971539359475,1094.7774665110705,1
267.00160254526986,65.63401608863072,15.263494850510819,23.538823390877646,41.38625705738396,2965.5598202684428,1
101.39854705546074,73.22184734896936,21.711185592308322,15.503265892103036,81.4055973544553,1507.168321719533,1
112.6748857919832,60.36838151382227,28.349601300390816,35.64922058684423,44.6181654846213,619.5753630414375,1
28.194581952260698,10.87937626772653,2.738924730143024,36.47679630317042,34.09957136991737,2684.306266201177,0
173.4840422988522,39.38151774195927,8.40144585319906,23.989292684205104,68.6656296472064,1435.030582090998,0
10.782682139022626,56.59404790462403,16.608858467478345,12.270991819293624,71.66608129035811,2158.046896163121,0
139.67940543973805,17.907984923035002,58.29196145406304,21.634782697507937,91.03391428963539,2952.76359130654,1
162.793390412273,41.55642380882627,19.880820426183046,34.1061297838781,70.38871286923774,245.5085159279246,1
85.96237563848533,12.98827979122299,28.92246348672495,37.05322085638686,54.183659760641206,380.4142233839447,0
177.24997817070323,17.072064743951866,11.765862764303577,16.104182274927876,86.21083170684244,2189.3245502419927,0
9.150074981714829,45.72309485814365,36.6468042645461,12.009208360758146,67.81952252311947,917.2925095568688,0
11.204456624764326,21.94441786387543,16.840992930958457,36.32051359398516,35.549619924183425,634.4740511552873,0
246.78016819789747,61.07867634354023,12.419554706305608,21.682148169366258,69.60953922192726,214.14945147721554,1
108.05719242337886,72.05184722235391,30.994357706758745,26.252828928026897,93.56129817951637,163.35546475998524,1
38.11815379556543,82.05280291981745,0.33034794962524927,39.04197436152277,57.74188378487544,2346.0082490473933,0
156.6729780164413,28.01352198203291,0.45984195895351965,11.996941837426686,50.742806132986004,489.856939371695,0
230.99806592958325,25.07343240331628,13.144128546111467,29.449540223562867,40.042861991261404,1456.3897863163377,1
64.74630824905296,19.411105630096024,2.2032817500492685,12.223162677246012,40.60118653547501,1857.1007640205007,0
186.86714274570008,67.2787224589273,6.481545247841483,21.26406785399501,60.29400390392732,1342.2202216496541,1
25.604239498130397,73.5828153838211,20.331638960325094,34.114436355803406,71.69758769130706,178.609291775076,0
15.504516350582309,12.842753034307783,48.15514077478877,23.004166982669034,35.64307836187212,2372.154357504936,0
159.4063894704444,94.25910216193208,34.32291860215805,39.915470617088516,95.7698012317616,130.4883511707951,1
162.19053648303196,14.677415528632517,30.760063557384985,26.771778548398064,82.85935322116372,2309.4806936947034,1
191.22897044946197,58.71667017709634,17.609329392487297,19.634864579078602,71.06367427985639,2690.583031985556,1
217.82740011679846,73.81544675058248,55.905223165968984,16.603339777142594,87.99070696572936,1355.2357710657996,2
292.75562383876036,88.3872211371477,23.8209024742315,20.515616028584855,35.61307297684793,1653.0731719836149,2
154.8901044903586,74.2678238919185,5.2255660077462895,21.175998212786524,63.37872144131871,1483.251838591196,1
96.88694188237379,82.15552747628126,37.02399096706807,12.061410331718829,74.10651888031643,1228.7049940079726,1
238.5558584306111,40.55051732885255,6.830303608596084,21.087225982803197,88.00570342828024,2673.531152574045,1
81.24967537862227,83.3342602371861,20.713388568101525,23.927155592176746,84.84286920344874,2692.4071809429724,1
131.69142621169084,17.210336174620764,30.444716323068533,31.68213256716414,49.39484747993798,1073.8674574604502,0
23.536914402679788,90.53349904544748,52.453351481110545,29.70188454164824,95.8616118691443,1883.7022866426241,1
7.605223024637253,59.28331385383626,29.61279482040712,31.262969656874628,38.70420890016092,2788.031930223006,0
288.7945244033775,83.55679929662443,42.13552596189986,10.250910456305713,91.25935330348065,2889.9696469299192,2
250.79403615366175,50.70864560664701,59.56901033994422,16.53002198741608,97.9658174723233,1575.9812172239378,2
208.7922618281094,67.92199256768725,7.889347193878898,29.850528651995695,42.40074662558379,1413.1919353245476,1
122.68588332428097,57.37623948425019,16.48389153117117,24.519681045392414,80.54462449426497,908.2135161927248,1
51.98829602125373,75.84305695797987,23.674564535858785,10.159404270050379,32.81998631445989,2880.728432252189,1
46.93111280132582,17.34669838275306,25.309690712329882,34.13483927295467,58.37959775974085,514.1614829713153,0
75.0728694493786,15.431687559150742,24.661264515932746,33.18428719871012,66.13983094383718,1781.5057705384024,0
164.76799941183614,32.23929106091318,54.456660153393294,26.45257488980688,70.6451658136744,919.3957758040527,1
214.3787768100187,24.359021210186953,42.84195866801139,11.993899773288163,95.51560737739916,909.1240420086102,1
198.0592130153194,88.46052099329815,36.47431284544223,32.99545148597754,77.05754811059363,1274.4089033909465,2
83.98016908378285,29.72925886222399,18.562363071766924,27.51140763194092,63.68945658534659,2996.499513865398,0
286.4595841989582,97.82787302372182,49.42742305327768,33.458799314738776,86.67725253861225,259.402289835484,2
221.36907500873056,40.320621259399616,57.303630689099336,32.55240977187521,96.53729746680862,1777.7712727902413,2
166.30621575342022,26.390612411982936,49.271896953013595,34.090062158735115,31.54463040776036,339.45925830230385,1
183.51622387030568,81.07286564282312,0.09390631148837425,25.540241992138746,98.7764890579227,548.110406972505,1
125.88001872833698,69.28369979507886,38.18408221100442,14.20973554580545,36.02924973445762,1374.732531141406,1
74.31929685034724,54.837614480782506,3.0681228865260435,30.13472420139066,87.00707454881329,1580.3343809046798,0
106.79180359537848,59.982719584386814,15.45643322002331,28.614213551559118,49.623432678598874,850.4979842571196,0
227.35383313931072,74.72816004450374,3.571482020866301,32.26759561597262,39.252576042771025,1017.7256795358069,1
4.3180465889267605,30.560926719816884,36.22772717696326,15.09643018152206,60.78989477996844,352.20435874220584,0
34.82179215207487,99.67005244510678,41.195394809556404,15.849255997008676,75.07696056133295,979.3373731483265,1
13.800792606525825,97.73138459321048,6.8692582839543075,36.712285516579854,56.66662915164325,2903.019474203578,0
12.218640695691041,68.52931177122431,23.03033298269877,32.49933395356213,33.819578579788924,2839.651406850197,0
256.6381752033022,27.958820583623062,27.37419053733252,37.24685466100969,71.96227977611017,1071.1470413972565,1
211.0973578140071,71.22054181881622,22.143181305654995,32.76145963491762,93.16822932774724,1755.4764152084085,1
142.25214872619756,16.497856808125825,7.261500029111582,27.914659179709055,56.825075616307615,2737.8266342217385,0
29.350248195300445,12.758725198522546,25.136867411248524,29.62398211083621,45.143294434157895,117.93308565860036,0
147.4847625350497,33.19145996600923,45.07068286850509,36.6738377182003,60.980414215297074,2450.9823539790164,1
142.0415312341697,51.636066106538465,4.260459871995328,27.364202635358215,33.38538977341466,2850.2717030878653,0
51.960560973004554,88.14452548675425,4.810800844914207,28.97173972985162,87.43413091361924,364.8446295673155,0
130.15549477139191,75.44521627896772,21.286277510159053,14.694301480108017,87.84385676651307,568.198289495471,1
119.55142031921203,76.84358690799829,56.5035426971355,24.21763660348308,71.16003244007399,2886.1642780369307,1
184.75502941566495,48.29440010032678,40.11435880337484,31.49191335874297,54.71720222568726,1658.8664165570042,1
190.52809526029313,41.13414932922666,40.72019740035389,18.128280949490964,85.98483551120484,141.17023996799873,1
13.591202931613356,43.393488668614246,21.715199450271896,16.067625415736046,68.8280917351857,847.1327964142346,0
112.38378438794136,98.88846073624521,35.619647472512305,19.414804246732466,87.81526159850114,1404.836655379693,1
187.75797471427092,13.609827227123423,0.6078710416646027,17.245018839785004,74.20211548081144,2109.4358419718264,0
150.9408775740263,88.03283465102037,38.165762784572536,16.447379111091877,84.9083831248958,2226.1650965967187,1
256.9469523564967,62.080786771515406,54.7972168545742,22.745525286042607,71.8994095252432,2986.722387483823,2
197.6080894856835,49.47538772706314,36.75440810068915,37.23515541650602,58.98987477509664,933.7824782129012,1
48.88032812442891,75.27318943736229,52.4219156079807,25.21178940216155,97.05621019482963,1660.8382954185781,1
21.170624220128953,53.80020472822326,43.43838332796563,15.637611424459692,67.87796774151913,1646.6382887928546,1
192.72578346189468,88.60809142734945,7.233504984221415,12.309150081426221,72.35626629783769,1276.3712523969887,1
7.9533931624865435,91.06316776101326,54.1471984371505,30.884684354137757,45.434134759032446,590.5694921430186,1
175.732674382039,47.95488341861099,3.986630661346493,21.483962933091632,73.79555525990935,2934.6240332331436,0
282.0690724274873,34.914501751154646,32.03804835286583,34.65492839756078,70.01253546380607,2574.6198413330994,1
172.64225336276368,63.3115295734026,8.52822742760746,29.785323059223106,42.93868785629175,1545.1657820532878,1
116.45097786195657,92.11270110550218,0.7023966438542439,33.88724351624106,34.17109681472006,1849.4117257836865,1
192.98646553270595,28.95959701050999,25.322055607658342,18.158381182553462,72.30515238003397,759.0570553230207,1
137.47586714745498,66.06699252071346,17.702442459249376,30.770767673831745,83.45845885452243,1676.982504136066,1
163.68503679478047,66.84041980832686,29.160029627856183,17.921859540811564,66.63809596454058,2115.4133860522797,1
282.43944263295754,75.98017201737528,34.63199320407305,38.17205438350875,45.8740837723752,1593.9843823211074,2
115.83079134023228,21.841091661453383,2.6243443385368415,29.09122844600123,76.65653836851244,2971.8269946963296,0
288.35716914717426,74.42424682138797,7.380197707424738,19.735354005260263,35.60740086267216,1872.890803118406,1
271.6051925868191,91.81292685990769,33.51854378702552,18.08535586876818,60.92835933613682,1175.8237665172903,2
58.737340436788934,26.171479798321776,20.590041190359493,15.727797552149305,41.43567308788941,2339.2408800859307,0
20.808390262549636,31.378899243148986,43.75040925296688,30.839228766811832,42.912133574191834,594.341283586762,0
30.233400413227997,97.42555846374756,39.13749891551638,16.56146838993782,44.160576441074255,1215.0958597481729,1
5.466547695464918,26.28792574385408,50.73626177939441,27.85909797782467,57.06949399307845,1106.180956094999,0
28.33288822677852,86.89465840326213,41.54956960015352,17.939050807760722,33.58051439342783,1352.240575812554,1
204.90203202490704,54.30500708032313,25.795864643408887,29.85906834381606,57.845540865036874,2367.161495193306,1
21.356594538068695,32.25079669628593,40.377997343665946,34.44819185621618,65.81952129802906,1504.1017932738816,0
95.69268908812839,88.36749111452603,16.522870455325112,33.340757294339596,63.83059994764277,2402.641905771292,1
253.46259329083637,50.077472950239894,18.37880992669276,32.82553992792345,56.79488702821284,1771.817819105611,1
6.981580720747759,56.333561853672116,47.3391095952476,15.631672170767562,88.74026256495267,1092.0013605069105,1
244.34054477668073,42.33100324597891,26.78517098409493,12.651548409535561,40.172868469435286,2448.93835668207,1
84.55643243201997,63.36557662914347,47.90282043110115,30.96846485462157,65.39877206469617,791.0400446039656,1
35.449448286496875,24.717148532652047,49.345342420096706,21.05041641383054,34.3428991869588,750.7106414194069,0
209.02114960924519,45.197338298658465,51.453740259677026,22.97038679210042,34.980897521453684,1563.0584797590236,1
188.68285403396519,97.24710901017588,54.99811415047244,10.934472783801732,70.17060947739674,856.4628132900579,2
263.2416040581159,33.23200894310148,25.859113230797774,17.787293478251478,69.62128974214747,126.35240135852733,1
220.52131314116573,69.1062998087163,19.13200909926833,11.01029211623392,91.462345899112,1980.0628291665244,1
241.04427911545457,39.267105780222536,34.93192479564683,36.37557317803743,69.05115729620512,1582.1720822699542,1
84.61037177139194,79.61258131179406,22.270345406257654,17.301900496555916,97.18537142833951,1392.0016620301674,1
53.231863133916846,21.778629464651484,36.06445000801398,26.72011508719024,33.40863938799508,2904.2086923931147,0
225.1844254922575,97.28389405706902,42.33515175862948,11.169379619833911,36.86053793465187,1756.4776334924497,2
242.0504217801792,50.841058724527535,41.30430110952821,30.00542173916974,33.084610309926695,2603.9515755892153,1
297.151542600202,31.244541701181756,22.473173221207283,19.690820372622817,42.9693795233478,504.4056849949645,1
123.78530307342794,16.614707259701138,10.01161210192517,36.93757560872997,67.88890776591747,1750.6987430753402,0
111.60542573783495,25.27821145787867,25.831760307732452,36.643545668021076,75.19005269991996,2617.1409175196186,0
232.92388822259906,56.77965537004159,8.555648644914523,19.758718550852436,33.19096105640681,1791.0066961117043,1
102.24106207590535,40.33028587881577,53.4058221110285,37.02882687071404,96.21796228919195,2182.2411165683043,1
279.2271976810694,84.59950292943485,20.752647644271445,39.88473020496336,88.95157636552668,1178.9263466554014,2
257.52382555290353,48.779877129562536,9.267584833399427,34.76246992371844,50.76287375099652,368.10359940749316,1
128.6982082125055,32.384284532886696,1.5268655943450526,35.34614043265687,35.403127115852755,1427.910855868507,0
225.2613203374492,65.5430487943627,38.749343177189054,17.470262083272697,41.89209512533401,1243.9902334326869,1
226.3628622254047,73.60994951969013,38.2141390472846,27.30107196573269,38.886108962848084,2614.4745288989475,2
30.93716065077978,25.033771711085485,20.4362499948775,12.017677419021036,38.62986455092628,807.5863768221695,0
270.76587200387,25.08572946594859,4.30271333085906,12.847538104650091,66.29931820660138,2903.5292598518135,1
151.57571173435716,13.300428424018868,24.57773369371392,39.96677836099872,47.20932097453802,2878.6005474330386,0
247.9372398323225,76.27618135590765,18.673049703803613,19.799177482777328,55.069780157040114,818.1317649071723,1
96.01488030918352,69.74240748596246,40.627238384100565,32.44551736146539,99.26537333690257,1109.3506708842294,1
268.65696854886016,52.71677881748325,36.346754967161424,34.199951590804496,77.90199742477412,2697.1116485342664,1
116.76050362024894,85.97534040722775,21.8756236918524,35.74069813021688,96.42864669329009,2903.2044405987117,1
3.251295444089508,82.51031376550479,13.073553255299405,39.928848922064695,39.978958852318094,1385.9733982245277,0
271.6145929257791,62.6818927957077,59.282157969335515,17.244894557706036,56.74976323827985,1030.8914323586037,2
27.38600303584007,88.14441524619328,27.240097271766892,11.21052480579099,68.83122622976481,1625.6726384294718,1
95.79409127712447,28.52570890330914,41.29645414681422,22.33574553983758,35.37306433221166,2094.530698460631,1
285.01859011524147,20.072765745795508,8.433178054701646,13.902420094868408,30.29312105395705,893.0760945874414,1
285.1821440812668,34.277465036529065,29.135381979563867,10.672776674861653,76.93040336578423,2235.772206395311,1
172.03136643698582,15.137817048038336,1.6522031921679292,20.812804814244583,74.92736617610048,249.806335632459,0
189.55116365093977,57.80525752009288,30.327307074626997,33.51214753225709,58.75521669997282,242.95402901680768,1
134.53365659349592,94.29451230654654,57.841044427062144,26.985420736752125,64.27508532224229,1220.2343449220812,2
87.96323150941936,13.540918660165868,23.052402779148014,19.38333967631062,59.08101004144628,1125.0722569760896,0
98.59936361097479,20.989892260902412,2.3397607544946952,29.630260164781593,31.68035313914222,1015.3363245647416,0
201.75553682311153,50.697912545509176,1.8573474551606117,16.96054540926432,53.47601243522237,1523.957311739839,1
225.71235883130402,94.04875157751144,23.27920559681217,10.43144338216255,42.39575787781029,1030.1273887035566,1
237.47371311775456,38.45404944790755,9.601496187791643,32.93060159309282,36.88969323709581,657.5479635574666,1
236.88544283836617,55.65113278195532,1.4011257796911547,28.712292545920274,96.97043037225448,997.4616923569426,1
27.36183091460711,13.741557314535289,45.37281683701061,32.8690787350288,71.95518075295159,2927.2223911496812,0
148.32609141077444,23.350888086587997,27.511380532913442,11.168140500629969,81.00593989656218,1292.228909285061,1
17.267628004993284,98.79671106629623,17.35468631835927,35.11358883491957,52.07546202862822,1389.6670528891736,1
164.85866469712067,96.86068267924409,54.00499098098884,28.5857860010891,57.52029906458107,1771.980470858306,2
132.45915041201312,10.444598284096866,6.968337612031537,26.901860521379206,46.58467957277064,2951.688228401257,0
266.3112548274899,95.6630606880915,57.35512973731915,28.738421443435946,36.78759696757973,800.6437016637127,2
105.2745037656236,67.52079440339503,18.83800304264117,35.93299740605092,42.532214620910864,2075.7181205440584,1
35.12010492828176,88.112646506802,53.30422033852087,27.608095196767213,85.825983170754,2176.355611271,1
42.89750461585076,50.92658700704732,36.17657258876769,27.42851139664538,77.4282063628643,1861.2408086998912,0
228.45318951524166,56.40364257213252,49.60244158448925,39.72037471197297,68.28502131898338,356.87718494626785,2
185.46541899487832,53.99619222312282,59.040789792627855,32.70190501205704,63.256291100673764,2062.929599899972,2
30.336802836837073,70.01778317914939,17.304326269124743,23.26881416353406,94.57039985592871,285.8746620049089,0
25.23204183449923,22.568612928068163,57.668129124455575,31.221910000987833,35.091446344506785,1828.813683694701,0
210.290739437736,12.697623088541015,23.36891369414522,21.676914150753653,49.64205692665412,2244.7854139430538,1
21.828901909258057,37.713694743207185,23.13071428421534,16.86626387450497,54.49564974994998,711.8126827978562,0
246.55801778710688,73.4212686462982,20.423226255270343,27.905556306632782,84.76980685489515,2540.703821874045,1
211.87266814694885,28.166810691065354,32.48445644085511,37.84546294341854,99.47602341133799,188.02603604571237,1
24.40463419256993,70.60891899924256,9.248702590709225,37.87418560046388,46.846936033000716,2547.0573046090876,0
25.451314225557574,97.29208414965434,33.22268912148067,20.25715834316471,91.20151338959565,1434.9542468640188,1
295.99187355035264,18.451064421047654,32.50228874460024,25.83032398665085,88.14359323022539,731.0050258017691,1
112.2812387268361,70.53419064026136,45.7141087562922,16.349076957095836,45.72601783492367,487.9566204825072,1
111.19264412006727,49.93751973741141,50.018997716255136,39.8689332849665,57.95328061394558,2864.5907859888803,1
243.83987017725076,88.13280289397548,26.42648101874544,39.43353723603807,58.677100850476336,310.7302039853545,2
284.17457321515764,25.94348105026473,18.139994961089624,29.48526789122342,98.47544679685909,677.3709178141844,1
295.8003191468613,72.33633570035481,15.560093839025669,34.1324217903242,42.66243309652288,1108.6848075558332,1
226.0134555776825,85.43037606832992,11.677430202292316,31.453004838511,85.94105797733474,1898.6810619872494,1
112.87787565927474,95.0152797526621,3.458854931941493,27.794746571184046,53.39348999211769,1679.9231473006853,1
25.050215009600628,71.49232254606812,20.5468787300828,11.600439909666932,81.16092420433122,464.36612799571054,0
233.14407477823104,54.74572876075846,16.214861527846995,23.642930276579833,59.4007703006964,940.2111528408224,1
167.52127492074152,65.60625161810924,57.98504315198444,30.243589065022316,70.4851834181578,792.3801361494699,2
127.26660277409289,88.20144860308464,33.462529575002634,30.32594841651054,88.28282413282918,719.27427802199,1
271.9063155284208,61.35487719749467,20.836622341830452,21.193678552671507,86.29158954887188,1292.3185757919625,1
33.359244691845404,12.734835372715317,34.82805605962176,38.25075959974092,90.64962284777901,2141.691212515805,0
147.78753128725774,93.78538259562801,8.35180208074173,15.02071096710343,34.17321277412613,730.6135034299842,1
3.4060934302257206,72.0574075928405,26.642624952132174,25.01078338646682,78.44353871278213,1163.368751138646,0
140.5981925982379,70.88620471995219,37.57405928526383,30.726519296524685,39.7991163705234,1233.6605378393706,1
16.890982704551206,29.410763715794545,29.333869907547083,30.914074176754276,59.10729976128877,2931.7239353626896,0
35.64537488042158,69.29969232093916,24.106728039259455,29.459168703064467,68.40118905382819,2868.5324349493,0
35.257874033131465,45.44779650887426,59.63090333398189,18.258646403555804,58.19176393227815,2420.3989899810203,1
194.76309063481906,68.61096793373429,52.81888572893562,14.686197060598658,66.37281730621052,800.810870375637,2
223.813463779627,19.593372727719164,37.40435748956641,29.078209804801325,99.75684161590334,297.30821086584206,1
175.01062952914788,69.20607741427324,34.162641670936964,27.979063484183133,39.46521195989983,1019.0219993898118,1
288.65176454236257,99.94723531935999,37.23962878947504,15.38068030867723,77.28192317354979,873.7041933581095,2
112.46117385711122,14.339083497450043,12.078726469345995,31.1541743671169,57.720067646993066,1567.1848204245423,0
85.71362588455823,97.94567657991855,23.708264595859116,23.655159752009695,39.31068592351301,2355.4109391966,1
260.5797384568381,46.621716465058356,2.367571973453959,30.032817748094587,41.11157343620167,2589.136522748688,1
67.0787515558358,88.36781053035332,28.5327622492096,35.12101239310452,96.44911743719318,2550.1058476904745,1
288.9667618321834,80.4146935652446,32.58147503745979,15.091852857307694,91.57210476982334,1143.0591275468964,2
3.6463424069449024,61.0314634888001,13.664984166192575,10.5743460399051,93.49293722905153,2092.9795960359806,0
290.9636480122917,76.46042883261939,57.841730829930825,33.3730775918736,99.40729430791706,1007.2191728202381,2
12.947973585172834,89.06640051712131,54.56727665623452,28.290922754578478,44.582077300596254,276.62607538202985,1
267.3429341094213,46.37262894859297,43.32859412735435,30.989187088663652,54.88075361548432,2134.5392702485324,2
158.31033272588996,39.43298454069148,32.00319772592175,35.14464924965928,76.84533209474067,128.49990245238476,1
297.8894388357901,70.08340470072262,52.1981495788611,34.08432804473502,63.86617779024531,1286.629503629617,2
22.13896942061966,82.70613477471328,7.839140629407774,38.82760440786474,59.287267336483346,1055.1998809760196,0
166.15628532039622,78.60566212989542,47.4305876564931,26.078052365563547,55.04678745349152,2110.7948617046723,1
290.7907606857297,81.80322839727711,7.489248838010898,24.65486897979716,71.56464423604166,2322.1118710050987,1
156.92935325104463,49.20249833316397,47.652639752964326,22.056615996721902,70.29154000480574,981.8744443167232,1
188.81959144057876,83.60507945575195,16.546054095081416,14.610731285326136,41.30204838449681,2453.7183418900754,1
208.72460669538515,20.81881498335476,52.625434861091335,27.178216986460672,63.021788626290736,952.3586054643079,1
136.36231943033198,59.00401881647646,56.64252562952387,18.310375729779363,68.7430243346895,1394.3464439610275,1
188.26742402521904,10.518279444830942,8.927758164306939,37.63922536638927,69.92008571119733,2208.3537283409883,0
175.29429357693007,39.21272469102433,27.76053630392361,27.495724128312926,44.70750350386463,2109.4686647518865,1
270.3474031472967,42.98153813842581,58.8592426897611,27.785205415243304,81.95899745766008,2963.36856970538,2
13.63391410243736,45.655542244832986,29.004446158388795,20.6477398263103,31.763936637474874,752.9669702262024,0
84.2889568776691,72.5920486020876,51.812851350872705,11.559680559331225,54.83822988802139,2020.721949264789,1
285.12344522296763,44.97022911433112,35.32389132787919,10.952312961189659,84.61488539749435,1868.0775339997545,1
267.0791351672749,50.38242603602776,22.519794475176113,22.700054324595925,69.47250447387816,2753.785518021087,1
136.69702583571387,31.378971778689472,17.147013331552213,12.536961342917134,48.28137027576022,553.4502107701376,0
186.03977934046102,43.59266124664061,12.193385465165235,28.205408666204175,78.64671835401333,2280.2146744021056,1
83.2143548943398,30.454266453683633,45.707891482661836,36.429190169189724,69.71736609092514,1747.9789871794283,1
56.436347917128394,16.587633139159927,23.19243040938167,36.48744449556166,85.7370526619471,896.5310223849257,0
139.10952148199465,64.31037340432401,30.67652773204507,29.77136230396697,81.45176303328763,1475.861251026805,1
106.00566840781585,70.13915186995146,29.539528800070915,16.33695494418793,72.70755454253643,1067.9521315024135,1
175.0968335552616,65.7541311408653,34.63674175398788,35.88990494076616,64.17243727175699,1780.0088680865365,1
23.320391089495452,51.71446394205151,51.93462873747313,36.58280305939624,39.32274879672664,2678.101771362531,1
292.31844229984995,44.18072021613068,58.84436061500576,15.899607548588762,48.29331125197686,1750.9844547953858,2
295.86322334388086,87.70002846146427,24.455052514429017,32.12278257312032,59.33696310419597,1931.9950131470937,2
209.44851420592354,56.71736066225962,49.65113532637818,18.59558646781369,71.95095009044721,1604.3687566326573,1
160.8289099032361,53.126368986675786,45.87166767928306,34.07920937058789,65.95954986507134,248.37996869188012,1
92.85828488589833,12.307785922579212,34.411737087334394,39.91713699710808,50.172916817167064,775.2898149406733,0
244.1385059120846,40.71230448635407,57.36282861671599,10.900780159881784,30.45250504527974,1526.80501535304,2
205.41935176616377,44.21760569072713,12.028470931704167,36.92097597372796,64.73674553305698,999.6823228596438,1
48.78508180346739,45.894050280721046,6.555852618577285,28.678916007959742,49.99381919935702,627.1144335074632,0
273.2781553481527,62.215513230459905,51.23771801732533,39.20147857494463,81.42258104973746,1561.9852415634712,2
246.7611728769507,58.02422920541906,26.348988998024897,23.95028552579283,31.676238568933844,1036.148400998766,1
284.9399739875772,64.71145835141002,50.818131252423626,35.42163791714121,70.93794679140535,848.5121652029027,2
217.715852516508,78.83949353879154,53.585412311724895,11.871822057948316,95.90319662542458,1445.5577105771042,2
184.02455878073695,83.16871648444841,3.7474556171442863,20.05837150234887,42.20864869780497,486.5243484383021,1
125.47291088718566,74.6310768603845,53.007885779163644,12.0104961325363,63.01546435254168,2790.462625918681,1
279.818545006204,95.99713263594413,26.89914332216533,39.26029400437211,36.39953942719967,2616.336083965793,2
259.8191668501225,11.640932440872547,30.625949340253932,34.5092172181551,73.79773385829469,2152.0996986475525,1
13.565601031856822,27.620018711519148,37.59555066559261,35.57642263737911,68.5372176417358,408.020100006523,0
7.910092349175601,10.68065874803279,55.582956403805206,38.13895694301682,58.51558669489826,2350.0440379621095,0
112.93901006341488,68.27272427391426,1.1469656657858418,12.55310458359356,66.49639150316189,2443.076251516155,0
243.16599923454987,90.82274940549883,28.610608099069026,21.5679277754,92.76022609283072,2326.5173913715794,2
296.18283879448336,31.913406691866935,41.26332254583364,12.131046671320064,43.74060116177469,430.50107264579935,1
45.12506733105845,93.4331090316676,43.362417461893706,16.32379304650086,31.579515819374308,1967.3330754965177,1
178.23921460564054,15.424065126060476,41.55194589222648,16.88097331113017,90.31654192893707,2519.541907673256,1
114.26725698930646,94.09924241249628,8.066107764487311,24.07321633142736,70.39819576715345,1774.3248635370364,1
290.97431934438094,41.6460418515671,17.963735302300876,18.056865023609276,92.34609188232898,1974.581388161458,1
252.6356769407126,19.127874560429486,21.52293152502081,13.029343204532832,71.78616563892209,1429.2540903362878,1
251.49861141334137,53.72845832676931,48.2662324607703,15.02473267282323,86.71127629717918,1633.2512276637526,2
140.6079479384911,33.109891094845715,16.72559234487318,14.418266906562728,60.07713543486035,199.6928892200031,0
124.44585070129955,35.638561176573056,12.64229783203219,39.19230393736895,82.49019519017881,1952.9927637225253,0
82.02212157921187,37.65609684336579,57.44688114228577,32.778775207554204,93.91290268228991,336.19691738436165,1
16.912648995278133,82.27233080493971,0.531797106808134,39.03284395808686,70.04860746055444,1361.5423235866479,0
259.416712876516,58.52451490077291,59.869251340918694,23.192214595237257,42.65496053936657,948.6997832354826,2
243.87030273902326,38.01769292404033,40.609277931443735,18.351054449879697,48.815833052113874,1681.741055613968,1
299.91530198583916,64.93004049798265,49.70815796694703,33.9487959162756,43.9051203828184,486.90737301730053,2
298.9910511221716,74.45356068008742,17.67716378077159,19.787617541234404,47.2799919317013,2105.765865722623,2
166.62951168078823,34.53616006601804,0.8589166600235987,18.98150121116045,51.44908145457255,2405.5334570925643,0
230.69622455415316,47.21941913728163,44.272171113691805,16.975179766234938,68.8593650727232,573.7279042551538,1
283.4297189647284,20.96974840032528,50.04867582004054,13.890369346727061,71.1594140624683,402.5079533204583,1
254.89421720322343,26.303441458121227,44.42856791721115,17.693891830502977,59.85498230693028,521.9949000833415,1
74.2044305229593,71.30060685684845,8.571017238050317,20.65959245421663,73.07945458745849,2643.669929505655,0
135.16324059302806,26.329451292606425,45.20567533541814,30.219826244371912,35.71024479279561,1631.7488590934329,1
38.747824545448495,57.26470453003542,46.13536692645846,11.876945266583547,36.145176594071195,1455.0568884217575,1
286.2153081776167,73.81416355501895,39.512430940203295,16.315208189960288,42.028062225036095,409.4642753968274,2
181.852390335264,19.618923078526947,45.966955967735174,34.27070920875029,66.26542486282413,1983.7124195951892,1
68.59284165103881,61.058099766601316,50.75528638066393,14.407657707513124,44.97962750888195,2617.1988164957606,1
201.510205321757,33.09065053312274,36.8162468542475,20.279354395675647,49.829908244480414,2501.7390210380136,1
185.43847213736876,96.66341877138218,5.316282838180744,35.939767655744205,58.02189853210959,1915.5586560443237,1
107.44881540985214,53.51910820479323,29.25766858003265,14.64775933430328,86.83062868072659,318.30827828985355,1
34.0672776598887,82.53932947976423,4.658960080296303,12.482105068545696,30.97034951390021,425.9513788104376,0
201.4719586778399,59.52038879406356,24.452581861945852,24.536139852400325,75.45651741656357,242.99606261849155,1
156.092310271138,13.907127956933724,24.426389347537658,19.07258533835609,76.82135717284797,846.6897278281609,0
231.6955175206918,66.98362380346201,3.960590648414495,26.902250934515624,85.90590462496456,493.41825476509547,1
156.04905033359802,95.62630079859913,20.92923203816876,34.11414671450426,95.29270573422193,854.1393167320583,1
255.65445009556203,64.1450638131698,6.65988592747889,14.114454644582295,31.409649426450287,1216.6683615849888,1
165.57205163234568,83.72699734841112,48.49411260055333,27.42097253662855,40.764859385925135,2834.650073806293,2
168.28139146061588,89.5785817013567,56.861281557868246,25.165262811695918,92.03199058391951,1870.090573366907,2
262.9960807975035,30.527179475403923,4.338988515476316,14.322363580395987,62.09629935309108,2521.423978480591,1
121.04485986371911,29.0840355917404,57.306912437502085,28.71995456586947,69.52134472534244,2160.0193520657635,1
40.20456853519222,64.98828899658926,31.35459596020471,18.20921253582315,76.41190426062032,426.2590785272321,1
8.634802894001691,46.99256228260342,17.973940677232434,24.635029556320376,77.53466231469461,2234.1691784844515,0
226.5411767020857,85.58751725800484,4.611724516569811,12.468169728311857,95.22182823215557,897.7867565214608,1
186.0928654060394,91.002081105821,30.03745608422507,23.78752171640869,99.78645921881687,1953.4127562846484,1
211.22393042976708,41.807924137244626,47.67093266944492,19.19390404128461,80.41102226516583,1088.7897235646667,1
63.88924845267322,31.318350307703387,42.42518863600189,34.67143633556063,50.10548464436056,2993.2495634675115,0
40.91144267603093,80.24729637194757,3.013560687838426,11.709361809921049,91.58266816060404,864.2992905406556,0
4.363399700364578,34.73254319933225,4.37411012207421,22.5582182475499,33.44546401785331,909.4783652453821,0
105.1762676419791,84.03528866623105,24.172396957958227,23.75294272394314,46.175659701214734,2798.949541130955,1
176.9753060563899,48.13644282838865,17.717429642876596,31.750182288973562,92.81700022246004,171.46877344533573,1
117.67321352991969,70.07949093623233,13.94305938336287,27.22862725270633,47.93340601075485,2120.3980648322713,1
131.24247660711873,18.59817824512014,16.860269934522815,30.01637011582543,45.445574173522395,2203.4465331340466,0
271.2476083481245,66.14733922089158,48.20896459781308,33.31147856955268,39.66877051981731,2525.497874490158,2
104.4766401069901,50.65909108635062,55.75368321791123,35.86608920974567,90.13782303528416,2925.8740008515783,1
154.19684674794323,62.79476168579267,24.306161671653985,19.416264901674115,65.00407814337606,2929.245565554292,1
235.09590382234293,25.12127869703771,54.36666012794982,26.14068116091709,77.24252421379083,289.30259694274525,1
118.96283469638105,76.31863704497638,19.28974207487292,35.203242353175995,46.734646885252076,2483.3340359834174,1
186.62601006836204,87.65173697889057,28.586219180627495,39.68353392895169,83.06282947078515,1974.2988076064057,1
258.70911262402353,29.506582008169808,13.561739868959982,36.685579331312894,83.2003881473469,1977.2921896819644,1
284.85618709729266,18.614309996814555,38.428562530550636,21.144017878731304,51.88186174358101,472.21478718261494,1
44.12204427871138,12.127472744170277,58.73886691048853,15.854995516559512,58.7477843107198,1985.5427826923947,0
277.97628754844834,67.77743503989393,36.20958576260272,24.68177612219766,44.67831942011406,2949.1994837436187,2
147.63488792386147,64.63846324799027,21.46884504681293,32.249243555081264,98.3592716326033,2744.2738516643963,1
77.4733164896875,59.2027671442663,38.869046759431704,24.777072122598927,75.19218039408881,1373.4789163340665,1
137.7407268714784,30.875238650437787,7.375240707923254,24.495425899410055,95.41807165008609,215.8491225296736,0
294.00977258564313,45.18153963149632,53.31954481592392,35.14691263245402,51.23698805403932,1150.651121000594,2
147.78542819786088,63.50287016675557,30.185037046790182,20.84211337201559,84.73236390978228,2496.53190364161,1
98.62548308625246,54.709017297325246,26.960984522378524,35.79384024434937,83.61010507193194,2134.347394248982,1
190.02025629501773,98.90069681933986,35.151887307211155,22.204144028551706,78.4158956306579,1432.0966012224735,2
72.04368563345793,22.27957773010598,37.487031767364144,19.84699317035018,97.59472826867604,259.79445196061016,0
22.758998432599174,72.56300986428344,4.306548373590782,23.61969733599097,57.54887352744208,1337.9947106875777,0
38.66391657319477,46.38868912938629,40.95703327340414,32.87340876024605,39.15021265128301,1460.172325181862,0
38.41375168733173,48.53796534330533,14.515900818931776,13.780060835919828,77.01962014708425,2792.8110453929944,0
45.5708080536883,74.58379890923587,42.83715795039539,15.89257647616052,81.05168603340442,1959.1497003882623,1
41.64815179482304,72.31925361919326,49.352087663051805,38.543344769892755,70.25424014211703,1003.7934582984818,1
192.26242344096437,99.21303943319695,48.237510453151216,15.26474882144072,44.47725251933774,1623.422966907092,2
54.56402531974345,21.55548605087127,33.15005804447335,27.031819537931636,65.31191591685487,291.56039268426423,0
103.70018499715896,19.36986844457497,31.210193538645072,27.379433999858136,51.85328155983906,2920.447883384237,0
269.03652297180355,75.1904935415867,8.572557680364703,24.688733861507345,59.92265697166823,1144.1737155991054,1
142.1884920788617,62.05482253057682,46.520769024188134,29.34235745730456,75.16530030912648,1485.8153292480938,1
200.26732155630816,34.67445999038253,16.284562826802862,16.894801773928553,82.16503198835841,1130.3235252870754,1
51.69596136048895,17.147743209008794,29.80172536907679,26.579868033302446,46.25572836309402,2079.2840173369805,0
57.68670564260123,17.70924246367875,17.056445575651004,21.165197657406914,58.37277524528673,2020.4732591558197,0
12.260584879943659,90.47717871977065,8.029701779981588,29.85001778887567,48.84130996941404,2174.4347005344935,0
50.680518921649366,27.268059224686862,37.77346181350419,14.236706301194484,43.90421297033084,877.6153658745704,0
83.57710170958758,39.10344059039687,3.25992208937423,27.126322505184287,84.83710539970869,1015.4385953757914,0
53.10314528302405,30.399076200428922,44.918714047571996,15.558110661499711,93.64768861058947,463.22857017900304,0
26.610760127116684,41.94966752487436,19.055207715667,18.359291893451093,55.91625299792037,2000.9789183537266,0
36.190761330180244,16.248145847148404,0.008081580269119204,16.561294009707495,82.58952470616367,215.4116692733924,0
138.23363040981772,56.715381181744334,30.667748354233787,15.485133396064512,92.78967025550878,1833.2787730180312,1
61.90011552173775,16.085130723299343,2.8111145116561875,34.77132854682001,89.2286947371162,2622.1180660697382,0
109.28095831442263,82.03208570401254,16.57017346925397,18.57122702982671,42.79693719774581,2683.4132300399374,1
151.02518125645707,31.034087371938973,42.41858924734297,37.81371345593348,96.9404317059353,1402.2095050728888,1
207.1184485888096,58.601072314405954,3.761377297311952,39.09779576035572,56.36735083006237,1431.980695817914,1
11.793641952329681,89.20711788053124,50.36030954136014,27.13781409811292,53.74684628216855,323.21063072325035,1
239.82311967271278,68.57896321424747,0.22919535951498649,14.290033679971792,34.370192909444626,2045.2185737848035,1
188.37011684727233,57.966200789620174,14.809432152114134,21.236447301387436,64.03215578734181,2481.652319081252,1
24.527709584661572,39.190037780383804,44.454243369124285,33.93196790044642,37.630953094865006,809.4996583536678,0
262.07358723203316,39.97017217523781,18.976208983758408,21.021721860912116,47.397787464919816,1321.7725567367575,1
276.261720159544,70.25382596783712,6.113543283960812,12.610516549083663,52.185983523709695,2532.634076619284,1
18.323387956459126,99.47254250990508,21.614035128025673,26.703547327845637,86.61784264441789,2643.649356220635,1
83.06329444416112,69.56552708644408,16.223597183071533,35.35362554488104,91.28420552771276,805.2219427662552,1
241.8603839379184,60.20050756330224,50.56271412963329,33.87779161430507,51.172642222302876,1696.6548401699563,2
224.4779071150975,75.75854592153215,18.800875055108587,15.253694203910598,90.10886848712018,658.2301368438984,1
55.3563058069132,51.86850510553463,47.33594830656043,30.182938432374,90.00616561588538,395.448416004714,1
62.80479700101309,15.412810834070669,53.51232868864408,16.615127903069414,83.52556652694115,2742.249454036677,0
111.1416308374146,60.60671342901188,26.029045174591772,16.546226036565166,40.26865798106271,2479.4717622731164,1
145.3568955573064,96.18627560548421,54.59658863126352,36.22215319915556,78.32259928305103,2304.101215229204,2
185.4764314590888,25.777264812189365,22.63908323779157,17.490068582206906,96.15168452063982,241.42232455810722,1
110.67409187093172,72.10044017385991,57.84470498940649,17.897420395540337,77.777833513701,2546.8134988597467,1
138.76041483994436,28.084031979315082,5.357371471534376,10.019601722838987,53.213179437548376,1370.3278201256128,0
224.24128144012695,58.22449160257732,41.22115599019457,36.12007102376553,65.04055222015819,1092.945857557993,1
11.00496086717937,18.700880468204765,29.62884242741572,33.77784439627404,75.20075303457375,1684.7814469735918,0
75.73108330320622,50.53338426323666,23.258928327338822,28.81986805272034,65.73992861099525,364.9244038983119,0
214.00487576536574,78.05469960057215,37.96271272491605,32.507972918165265,38.396705921167886,2294.2749931219564,2
268.5620513061598,41.28143718150839,42.23142549805987,14.561457022734754,51.844483125641446,1789.061722976058,1
153.50323263469983,69.84205520384963,0.26179617901854524,23.749707837627263,86.16772213875427,641.1112809321858,1
159.6340455795947,81.59049647107562,10.017185324831923,20.536581620463426,90.29926322668622,645.8733793302322,1
32.15160340193282,93.44600375315073,42.78276303805912,12.813295787710494,39.611002290089914,634.3210895607552,1
134.2237100470364,31.117787366990818,39.98312481469239,24.583914556447723,96.66707266791072,265.3069239006086,1
159.78517993650695,45.938432422837735,57.96285030772063,37.62218951027906,53.017583249402655,1804.615503177886,1
72.7411510904189,23.71744119973757,45.66226741504698,11.201773571520835,76.3619617111504,2537.0097150066736,0
80.7729692848143,99.32351519425377,57.046362463880286,18.743827404813814,82.62776021696769,150.74482056342694,1
113.1852489313868,93.43008711318657,42.152430092088416,16.226228086171105,86.83623642465184,242.11347041669327,1
6.0213593333179105,58.59614172525036,17.88313251836659,17.14439960997089,96.20247915581511,1761.033802392143,0
96.62374967495349,85.78299649387792,6.321895335051389,37.25303655638126,51.90436836201758,2476.537487619552,1
63.434402098963396,56.8862179544838,46.90943180069613,24.042071627028704,90.09545181860881,1047.5427826490375,1
98.24920565337439,66.12271192024838,38.64895328855496,23.988982388194565,39.21808324053449,1113.8817565423942,1
35.92863954577537,18.021198890441497,2.8911607435977738,32.81726927365847,79.35286344475149,1829.40484274065,0
267.1581842219685,77.97433784471271,21.6030279540587,14.634766120147773,81.93844106597902,895.2173784600262,1
178.07773606621458,21.494213527171134,57.40798892905717,24.617960623001522,77.44062688409244,177.16426162528398,1
203.73069574334687,84.34608672272755,30.024068742612073,22.899556423631793,47.662031529460705,2232.162702494629,1
236.7513715822015,80.38252789033473,25.963748161182277,27.907320716399685,91.11302029106423,1914.384747530214,1
149.53265967871718,73.78702279686789,27.461976309557638,39.98673109751316,41.82009243592765,1784.1923972614113,1
26.076086426227107,13.254434247228591,12.532963440309823,33.08346682246142,33.75443540645816,2250.883974076287,0
161.13196254556433,37.28155203507957,22.122430251887714,21.935971090522816,80.22254934283384,2058.1694289299085,1
176.05233540626375,33.680131291975854,22.188795359230596,34.82659156822141,63.28330006629136,697.0577657171314,1
223.631842255299,42.41227667243672,3.141301211248344,15.121250899374406,89.43686139710732,1122.1950361357183,1
129.4978638689038,17.88784720874547,46.054057711075096,10.913910589268804,56.83779987407813,465.7194108680125,1
38.274090838669125,94.32620407279565,24.99026591423274,16.133451173928194,41.77950119553989,476.585338911855,1
85.13277173961734,59.842201664113865,49.3307932089854,20.21234668342779,88.55095347289088,2060.967664433964,1
108.92468891959052,37.49718795922212,51.02088006719372,25.317422723786798,68.42367421480502,2589.9403102492447,1
193.77517239948037,45.72833653668551,12.719643281919485,28.453874216235995,43.243705467324844,2891.924493197303,1
171.23349140067356,50.24822864543521,39.441208930207715,37.318171516432656,80.4268799010512,1922.2066408933888,1
106.82901776935387,64.05349000245556,28.3369082497789,25.29562028651373,65.77795469426503,633.8938377467753,1
295.9545746378939,56.4111484926848,52.809404275289104,25.038269338771883,72.30190875682239,406.38600180189906,2
181.73244580706614,92.74527758929756,12.944440750587248,11.507290294689463,62.26288367446073,2457.2678174565976,1
71.16803752079835,54.726713461524724,40.66879201860265,11.047346579686714,88.00962886726045,1778.3937814439978,1
30.534741786121124,99.29422133409814,36.46512733516335,26.53479885749116,88.06939009781348,1893.0265609397875,1
45.85774175529961,86.62824619705862,17.718088654309966,23.145358397450337,79.65721752770703,2366.2400573886566,1
73.78731851535244,28.765946292160223,8.196054219070357,35.17541184940896,37.37809641775236,2139.5039604241097,0
48.2044119778667,93.75356931795247,39.09838562863659,14.820387541355355,88.71977033328483,2519.92893328268,1
55.97010721539173,20.472975809692848,44.31584748793984,10.749149863511487,76.9709086373037,263.0203258336476,0
85.52855060815413,83.57047376420724,18.937640625801,23.47116303790378,78.79169162030097,2267.809846564864,1
52.01207858842645,44.256096412892205,38.68995624133883,17.124356702567724,55.40879882827102,2567.4729962340766,0
269.0296273879276,89.01768884005625,23.707854456690196,11.488431200165124,91.54956893099046,929.7916231291116,2
24.07012369849266,88.12510210967054,42.79241299695706,31.73794860542887,80.77601201644002,1957.2970945804332,1
157.3534168710764,82.5332860105859,11.952916493643187,13.347789998717424,37.881332657043615,1011.0699851272191,1
123.11904809689845,81.10273926763553,53.41290015817046,28.24958500023315,58.544462408431386,2878.116092799117,1
294.7135850725819,37.42112251882367,17.244575787934785,18.431492505006673,92.04662533720992,196.9283600629609,1
33.611670650415704,17.282735474612696,22.067159265369174,15.204881510650662,33.30376911881653,1781.3992471155696,0
119.35667971372249,46.268216088864534,3.485517124820987,21.392545687579524,97.29916337494346,582.8602864435937,0
290.84112998261065,25.61720634878578,6.690732739276584,34.043373286688606,77.5413797823694,2165.4385950137603,1
259.65213776819405,72.54559800122155,30.951714162739687,21.76280730713718,74.19631843503636,610.08182191412,2
245.12162128478397,41.1489753884007,16.055560603678288,32.52308947633167,48.939147954159395,782.6114595052369,1
77.37084811348196,97.80491807739234,50.12881354453166,13.76458890397452,47.415425211742395,1533.6753520326984,1
51.266276217019744,67.68748696107988,0.8816033192972306,33.183142589952375,95.94407536420168,2753.0213549909463,0
200.5929659773293,84.02325072709249,22.745642920316172,17.107999747199457,50.87907179638859,713.9716792291155,1
278.8127967382757,21.927220546766357,20.24073280614556,30.321793896666183,84.28537077032996,518.2960612425002,1
167.02886790417892,87.58130340453603,1.1596578550560621,26.97344664522989,57.51852587449554,2301.032812376689,1
171.48380684096995,93.0481471462055,7.462103940030613,37.87434151635062,39.74778495492928,1551.7966437684,1
83.99372809808526,53.83557269370423,24.818560495118117,21.61967553925942,30.750070838675125,2744.176825907137,0
230.84787995758106,64.56276439758797,29.571875066846797,11.984955665033214,68.09801359106756,525.1822157635427,1
56.11312456725701,78.83288208126959,24.257384835292147,10.574664566537587,98.30451729842528,1973.190889766814,1
97.1037709212731,25.73547645343713,31.856260704725628,34.8057568291826,55.83953356664431,775.3495238402636,0
127.63093158492504,55.23094688170982,35.70790049434089,25.742069129842967,55.003463379513136,554.6052430897539,1
152.2831136053365,45.87967249950818,0.5954292676701378,33.25732155504848,54.086413249460946,2081.9453039560844,0
72.72291972452408,23.17365929460242,27.845709567210232,17.032768000345442,66.4380686113401,1821.6853977353264,0
34.45104742176106,43.07809800623783,57.8099544532553,20.35251236539701,60.84654183970055,2288.9996292507603,1
183.1860127324898,16.135507844694423,31.14193680777292,10.903116166339569,91.59402387089102,997.4414716939289,1
86.58916597207673,12.323071625453828,40.65253604753719,38.844769737223366,65.38645542064432,1399.1178035083508,0
174.37146642678368,22.16496602393405,18.711831475012993,30.036037201024403,65.54304867319982,1275.8678613582135,0
46.308814582260695,96.68036004302564,46.43948268916575,37.996152632779186,39.68601163043896,2953.859445502891,1
144.34203055644525,59.45765823055153,46.37528891256691,17.96489222287217,98.79176786372702,947.5219745442249,1
159.77682976547575,96.9239945037898,31.277762859248337,28.343908336769825,47.49810236081808,954.969991205624,1
15.547061046728071,48.924809049711875,58.560829396752816,30.354999048779135,35.13548472217219,1128.1898056029613,1
100.98128345817618,38.06345197767336,7.533012885759202,19.526491007727653,76.42023742826461,1737.3228357419323,0
40.324403081692274,55.55276765562197,1.0168598933748596,35.4432770504689,71.67564591098109,831.7359583648612,0
19.012491141830324,49.55605197696191,46.20949270542576,38.414843887007436,59.060195779492204,2754.3408270998943,1
296.98806971698355,19.509821583556953,48.42933224189295,36.54565353088013,59.553456371647464,870.4881381121642,1
96.70615349241689,67.67436832211857,7.2124337472345745,32.17200927818118,84.95447447325019,2697.8656215245646,0
242.96233375639045,29.443436425863965,15.934969977516364,18.32394039174862,43.69988480697543,400.0776845750955,1
76.39219642912916,65.76291594080466,1.0531418019977346,18.44848126316895,87.41773232614227,2004.0318369589918,0
204.45081666717877,68.51809831583381,17.598516646833883,38.90080961338114,75.41229797265127,2730.2580034709067,1
228.06835796690598,23.68223678157833,46.38851243512029,10.30853487807076,59.32788416456671,589.3733713548656,1
178.69162218235329,15.521466439960134,31.077631662754737,31.481499197264334,62.0620031608708,2908.1481842878397,1
141.47285656504752,80.26854274615958,20.885735590097283,31.187384876657866,47.9653045030267,1413.361745204984,1
123.55227424418057,51.382038139238816,22.304357694379817,28.680686228493922,82.64800328878823,2842.573814478971,1
104.66047996289859,15.234741595492821,0.08121754292808925,39.70326538260598,65.90123196136875,2062.778126527136,0
278.8587432743478,99.53796854527904,17.988031653914152,19.356383072911758,52.45981799248905,974.6019226332995,2
249.18582233631875,15.200250489672998,38.78752449827583,20.199155913797448,71.72350810326651,646.0773222596086,1
289.5080731999538,72.55317059726978,58.45166662898143,12.368182088396667,99.7014116435926,980.8316340527882,2
37.28916704566342,98.53110327370723,50.82364961903397,23.283944096312123,60.46835957595877,369.75048686175745,1
219.26024256109326,31.526209379433304,1.4156978787317476,17.831455787045442,94.44839805450337,517.2171023956563,0
281.50213704631136,22.802443181847657,53.91363628049036,20.301601065329326,54.15117879471963,403.51527700479534,2
54.36991984969804,20.9246445480186,46.991904797917556,35.03715370766883,33.831289484749014,1326.5362768505174,0
19.94888021003325,37.294763281083604,46.82256741425883,38.06453540582487,44.296947445790025,2407.1772911470007,0
222.33619478701772,19.0941229909582,27.47974554021429,15.571992160155569,59.308660032937894,510.01230722738654,1
172.34193395397358,72.29452075247187,23.88031757727017,21.175267946603974,45.37444500161983,477.92925619977404,1
252.54863302748163,15.606261831705641,18.174943729991558,37.85891686346182,30.015892675277886,1965.9439536002592,1
41.93171298788685,55.84799153348107,3.9416915372619465,11.854253820676679,94.0501076423269,671.8306477073922,0
238.58019355796705,99.70271684676791,13.694121809621947,12.770815843341357,89.07155878616504,383.0691105160756,1
60.48819601432336,83.25732425554169,14.796218098681477,14.883729676186881,81.9604562040863,583.8608767961751,1
49.096782859711354,65.36974944079098,29.044624182612097,27.856385023806244,41.747021695222,2778.8210480426505,1
49.27973937929788,37.56282587079505,44.84666439580164,14.514168130179925,38.42545033469902,2482.2666330509533,1
244.37241606941464,66.15062526624746,28.428589703876796,39.042291443522004,34.73233246306682,1126.7872308297729,1
199.55916620886003,57.433731752048644,3.4706669668296364,23.401435817755612,80.68204321410448,2001.880225249439,1
156.9196274307358,48.347504550133436,57.46738805929223,25.045538810504993,95.01655724815197,1658.0994536373105,1
107.64914523705075,21.76393390661795,56.56345914564673,17.399758474162194,60.13750746391259,2063.6603640994354,1
263.16016224393246,89.79437937164201,47.1113725889045,24.128807573042003,38.339847039723374,2079.746342142002,2
117.73353222679062,50.48061839391902,59.479674093853234,29.857408979110346,65.86749745124746,1923.3286436739795,1
244.97983184147313,27.516026063868857,32.66893996801578,32.53531410862128,54.41823352210411,871.693968758195,1
131.74047257106554,43.09834157895607,57.76610101519236,32.61604248129739,56.23774470449984,213.11862021217257,1
113.08332882747227,47.27167772760343,4.536302437005046,27.33673338082265,73.4931436908995,1421.1436677713154,0
138.80393570088194,84.47841060101868,21.94084489568228,37.13079324981572,80.31026792835416,2683.824265603041,1
90.41336224924262,76.02529425052619,13.52287608040595,34.52223541918328,37.74225192112126,1751.5420497038701,1
224.28281405287532,79.23744042772059,11.749985048056201,32.71144344095876,32.491316156453344,2513.9340209355328,1
150.81611702774376,10.992813798578249,8.448176933560564,11.668165650413819,99.60312118800005,2975.7105945875614,0
69.6638085440452,47.45385983617854,37.3448184939598,10.20633886658948,46.29098442408863,574.4869920010012,1
269.87237198237057,53.32097364717912,46.87931134483831,16.37341831586419,33.76813674359214,2106.1551535117487,2
115.16736641196343,11.727304914075102,34.69790396522164,29.905707817403567,43.2912730367144,2055.4513637300715,0
163.06585833419658,33.38318878705308,8.81776257529258,22.335924666476373,32.7270492443925,2941.8707973390074,0
271.94163328936406,78.42608408099215,48.66742619600826,22.07218777897935,57.426762623202016,2958.242128463121,2
187.27139877419762,22.339873515609916,38.15728242982371,36.53760664688841,86.1681249115927,2091.367973999975,1
35.06941221250922,58.17791183073325,23.28994236761973,36.86688544395516,53.88711148304044,806.4828967483634,0
281.94963708404254,29.368168481551375,40.44781773216378,37.275257921607576,61.09283848148566,2415.8119305787372,1
188.31241592142536,11.090869717950394,15.594298754569971,19.416342295450818,77.29107414972071,410.3844892120105,0
100.47168439712584,31.708131183958734,20.71153250965263,30.731674382177854,65.62258490489161,2364.027982097723,0
41.78162179901618,97.82863794190484,55.049150587919414,18.14899543823109,90.3011980214927,2739.5687600196197,1
238.20755678108878,82.13834006946907,17.430270340285222,15.718294992233494,90.62249725320297,1210.2168448284622,1
186.02182677855404,96.361897988893,28.199296089476196,15.538973720421076,30.693748684380754,1928.8423554509334,1
160.03832759289645,53.90686395337262,53.40846824376088,20.26322862590782,84.46324145382394,1347.4139230807962,1
268.1677749152873,19.876257880975317,42.463281016051646,22.89872859339465,62.251352016917174,1369.5186594655725,1
236.57916336735923,59.31635400763236,3.732193569882165,34.92847513165205,99.21883789125641,1000.0755784135481,1
45.50246391982535,50.89396011039648,8.838182656738221,13.596732804181363,63.82624531128046,2310.1758993059416,0
93.51662033866447,85.99213744656544,0.47049544631500906,32.04777542184682,99.08271617718083,2814.912036082865,0
74.54674194433973,18.827432270582015,37.855307413749806,25.94364742567916,82.81985528440157,2828.177491779937,0
223.1838877718031,53.94170233196004,26.8604055246251,18.638360280279777,47.40234192293144,606.8657261373081,1
10.059730420733814,23.50437982245858,8.056491054136533,24.784587535984738,67.68764855008703,2636.7565840040415,0
170.96690546139496,39.22083342010539,57.47604726340623,18.99826209331068,99.4494947635008,2238.551180138654,1
228.73760572220715,76.36213696490196,31.779583436737195,27.88245865714918,90.02714254263466,833.2284620018388,1
263.02969102852484,52.84163164318899,14.51359764677335,23.015317685657326,36.81568256538548,295.1253774723922,1
102.62452461477224,43.82994566311924,30.036214269282453,14.932165872366362,79.44603977669973,877.1920739646961,1
246.37719140160385,45.50286507130318,40.777219964106465,13.497492236670901,54.190571010956916,2745.403886666424,1
33.189521086562166,51.350209156538796,4.574353078413869,26.400870462163905,30.488758331624368,1936.2181571977396,0
253.93568752035546,80.65148894533512,16.48222890287352,37.0723909985831,58.24366783188997,2191.058516603828,1
38.24659869959473,90.2876220046211,48.41792945303962,20.318730596730568,46.432809520747995,845.741818216378,1
119.18618716811018,95.98012178535355,27.579892224159675,31.990003216678698,87.32084893643301,2186.225651166979,1
239.1886097338661,80.82130476297655,32.794628521937696,29.75984064819301,53.613142619203586,181.5523682059789,2
44.97522820463213,38.38662061732114,25.968960132568156,37.946647429284425,87.9266585767672,1188.43190274174,0
68.77541856979245,71.93212354778879,2.633996558580307,34.629430518974225,30.04185571843567,1917.5847107727604,0
216.6757705179199,49.384281164985275,9.944986789209356,26.99815776716389,51.547340501828344,523.6800400698287,1
216.0109609638223,32.92035598414461,26.732498324513454,29.71091494702322,46.881565001543336,2486.7103658961105,1
192.3442898655892,85.67844214833303,12.551127924475669,36.951593997521044,46.34971527480277,781.5907665545641,1
208.18453334013,13.458371406609249,2.998741719580724,21.985563537608044,34.77306338358239,1991.615227173494,0
162.81733300427885,91.15857929218812,50.61897984310942,19.80384117573332,43.09869892873512,1275.071713468456,2
75.53971767208583,51.53297181622607,58.87155174984695,10.32433250905589,68.8884698919934,1828.5264268851768,1
103.70879805117583,67.34813291274523,47.588572439804366,34.79653222574393,50.39527509864212,411.60660262383357,1
54.4793150404277,69.34185299852044,51.22709530228002,34.02942101210095,59.21763476304036,149.04711977266123,1
272.5351684000885,90.56059666358827,14.518627819022722,13.13363554300454,56.38068162430319,2737.7368394028736,2
175.01753842983615,67.30027139504867,57.63761853079198,27.305721433981006,91.31334474999262,881.92702542483,2
120.25542502909197,65.25402262840555,11.815542267205704,23.919450945006623,93.37092993073608,2477.0633080633315,1
138.6017410932398,15.998683650462096,57.08578862170994,13.561272865273343,64.5069880159102,2998.115871369381,1
284.1850018835446,56.656721975068365,59.68915763795706,39.417046811821706,53.11091652209231,713.1506481968423,2
46.00542093482406,23.51521007353375,42.70336834476292,16.440876623900664,37.476049280165455,868.9951494317312,0
175.86894960503918,76.3690391849337,58.86862390750932,12.017025402716834,96.73820155674665,2022.2933841405304,2
151.7666036653398,56.0999728731407,34.17238677402622,27.845421385057286,34.215886143020825,2899.8010403418016,1
183.43627063039435,71.2205001287518,15.57250699056542,32.16600031399098,50.83551942977963,2755.861609753157,1
5.433055146252153,13.750561054214584,26.219753139937254,10.973303381415608,50.86463408190029,1558.3390081901962,0
261.63717268324547,17.63128144412229,35.61365612272716,29.761529161810664,52.42809002981504,2405.8198193275016,1
279.6354847450837,74.4691049256414,4.3848937216209,25.968756278543633,41.50007902906865,493.66297398971307,1
169.53995507676268,16.487590239880603,37.340595877034765,13.097950266251452,84.8213001646588,2934.5707341916354,1
208.9952471630677,16.413105498873275,58.870670205737675,15.17571630839086,38.574850337619246,2896.624378704361,1
276.7498143531887,11.08976277113987,11.406458987023658,27.039228919482415,74.4434661407214,574.8139778495959,1
212.17159029401958,96.0851258469532,47.555706977303,18.89072840539865,38.669221869407224,968.3270619290092,2
45.7617128742784,76.37575235131062,54.47392762677716,38.14947185953948,34.93749463150696,390.4494927696241,1
172.88650805004394,41.79262676518577,56.62209556921325,34.56220688452152,93.66006525801136,887.9810368047212,1
182.01451391485676,36.68820231588897,57.60813626432683,39.50701619540989,43.309013642309395,2466.2717893040995,1
127.2392013907158,41.47329067712646,31.287578323288315,17.790125168512418,87.4875108191793,1197.1152607792524,1
220.93327068741684,79.71881780630636,58.63847447949022,39.09170898393931,68.12416097749951,356.3512047255993,2
280.3101044307044,69.5233549963373,45.438612428066335,22.937016093746735,35.44995637261387,1092.4540218588231,2
277.6705538720329,26.667601108072112,9.700286174217714,20.42556385941264,96.88137340066473,2946.011669299712,1
135.25181142123964,25.66984018006759,28.6140063880782,11.510485809080597,47.287281689432476,1926.0824262516885,1
33.971413752226574,18.85560847420576,43.09987052232024,11.582957735788078,90.17517417468245,1306.8667445778574,0
295.45235968870037,69.42724477312044,14.840418949145,30.76033767839964,41.816700404919494,582.9616891420831,1
251.66942593378025,78.79353959995623,38.436911012933244,23.737869833020838,89.7760017499297,2959.9127121227148,2
37.39880436098005,33.85417854925036,39.99602874279715,16.795648781083173,30.92601690337058,2480.4621268630735,0
276.2525647852117,11.885046492782154,9.761984628513954,28.41910918975698,65.82463195986364,916.2841771076662,1
260.96890861863847,17.39545007287846,33.905118747165375,17.585743547503334,83.86098055950897,303.1992175914494,1
155.65141713782162,97.10740313605274,46.29761465871646,27.32895263033268,95.43568622449483,264.2141163949183,2
177.38263072347877,36.59002997296783,29.933739872156515,20.776262409480708,93.6441495344541,449.0966335660481,1
119.70081116103908,79.23008330543203,0.7261870065664455,34.70656679835457,87.37374086833515,1784.2288924818226,1
16.4284916466094,66.21972119688374,0.5423081447575306,34.62088482300338,92.17339447629129,2793.4139214959278,0
100.55917249377028,44.37456756876063,21.42176063820073,24.320511943672038,43.945378008595355,1540.555941217355,0
240.85603457940343,28.51185359759996,55.57164410590692,20.52457328005047,49.89290069982101,2544.5418991229717,1
1.3896069013808576,20.92477763434658,13.720606776216526,20.87679389677284,50.22779674447409,1393.0711975934428,0
100.04975150734326,65.35116712349799,38.06182133230123,34.171435770046536,56.393775170118914,2154.8922827266933,1
119.450608077283,79.71704025740092,13.324552241599235,19.84538448392836,57.53244692696321,2222.430938130852,1
161.21868088137686,67.95138281870176,19.300199379572916,16.27178121120538,68.11887272582729,604.4947471196821,1
275.95668492382816,57.727191992424245,50.882525376089035,12.540650256259205,41.1915834356509,1147.526571029854,2
103.90379830978837,13.775610108847264,43.73168653619681,24.00079362653225,78.38726646501925,1948.1762539602694,0
104.0859605688683,97.16398998349455,5.723956638792638,24.463962967595258,41.72965775131546,305.02016373466193,1
221.2503744329245,81.88427724891172,25.722121259186018,35.227261312087215,51.72159374731832,1148.466544512574,1
135.66538226694215,36.35398330308683,1.750185818715868,16.637160893381918,65.23415914243078,1650.918452215458,0
67.38144688199459,98.19732964229655,28.85340879618054,21.429738210051998,85.75083930664341,2989.051029829452,1
135.73185483980802,64.16934306726898,39.746040702064086,34.25217216681072,81.7628463267109,1476.147331605078,1
42.257106113939955,62.418039238652185,7.110157415889093,34.70870832246921,75.18740494873656,2466.5645956315384,0
52.91609595186699,77.3265861486579,17.33309633454994,21.538332279363047,40.90412824061191,1352.9951266931914,0
149.51033182184392,83.05928092811239,23.870197530129417,23.773720698600428,68.29317419309044,2409.533095597156,1
125.67763485136437,69.08307465983523,55.17186147936299,19.098576725478488,36.12125512599198,1826.7029246983143,1
274.45377032043,21.528617172958,59.59530092537784,37.976646352579365,56.41542237576556,2671.1267803569554,2
108.71816973498993,40.44407553950485,2.6946779397369514,13.559312972247408,58.946157120297144,1291.7334018153188,0
174.17650508341305,93.52752762934448,45.660475409723524,38.0124826900441,32.78680076120277,1852.4828174822887,2
189.6792863758591,30.215405065946673,22.303443984140593,30.515993555060298,49.17916696289802,1927.0541737945994,1
3.928336976500091,43.4950321453762,23.5474911737688,25.947164580601935,96.89546270865425,1310.4105312213726,0
199.06121160501317,48.88691946497764,45.25589840082136,10.979771823534875,96.75428254807827,518.5049266936965,1
53.41079006092543,49.5464490725007,55.105585928724516,24.26788575466025,54.662893797677754,371.3222800457731,1
288.32109524083654,65.1645624245073,57.05571567015291,22.23244315008197,33.017007626382686,148.347496738936,2
44.598818325933884,94.87682539702368,34.627355162299246,14.836564359253677,42.53664575297271,2633.2493663111222,1
124.38723711810712,31.662344064925446,21.42726955803017,29.692288105019706,57.45524554034781,785.7772454922142,0
25.604900423593158,20.935123867082623,47.25294515152675,39.13452722104857,96.34457885784609,713.3695729171274,0
299.0622755537842,27.77234408739436,15.060082995738016,26.865664331935754,39.88393444760295,2234.50266123559,1
150.65850309937278,89.82324101883425,33.84444173001106,31.442598293318376,83.44610905677486,1028.046727953436,1
178.61550519601315,68.12297313896855,21.51470769149239,12.053513576980503,37.607777756228444,1567.5296079943262,1
20.122943216528245,35.73161103152441,39.397864422472566,22.530009874509844,98.68803041738938,571.2820893626233,0
224.98814111975335,83.43522450717555,14.423934773610414,13.490754554934876,56.713154937639445,2883.262592239711,1
62.97167792867573,87.52329967270924,11.495576744089547,28.383875066095314,84.26641772293392,2569.586060049988,1
269.4162868322141,86.18629048212502,55.09434520052623,38.15446474642464,53.981375796779226,2604.9899065985096,2
61.54189214460215,92.7033880275599,6.1082209769722144,29.853331974149157,73.93682140111662,1279.643870858815,0
57.20631619909997,32.701691815602544,30.3574744640959,12.304091449432645,43.441125931802574,2310.847519750801,0
10.964900354428464,77.95377358716505,13.251166977780535,20.639986149552485,40.221471350787375,517.2408506303625,0
141.6200835329998,51.4485547546726,2.335797799540047,26.519901383225545,95.66448976976919,124.9951075161628,0
169.45233997878492,85.77986976010554,2.1611290974855835,22.096232683997567,94.23530945331034,157.92150447628157,1
19.71259182850571,75.5641609445452,10.51330632634964,35.00932031425517,92.12282581490177,1801.1450384732252,0
232.65828500850319,79.88027018497522,52.006221270360015,34.440130141299676,73.78034151166153,1420.6452252190284,2
135.98665042440828,69.05456539129644,16.9487246386216,28.354930603096644,86.57877478513947,1602.2445118347073,1
157.31708079827402,25.968589252273617,57.02755023451774,21.20373835398116,34.832585583796245,121.64310720993628,1
132.22882408146845,59.05242270072445,34.897337579351614,17.660091212897324,53.43523293234754,1325.7911970065345,1
120.2289182625978,98.62027655720574,26.196851386125964,13.17622954639388,51.95921873300094,2182.397667482496,1
167.89209939246535,94.36492598474071,34.80533008016727,20.64693050459662,74.49517253668293,1383.811735705564,1
46.57207377921375,13.885636221731051,31.001903113576066,22.395175516231586,54.91704414294483,2223.4356983054445,0
54.57843914858134,24.833333415649342,45.52657522543951,30.27468775312221,40.39547471505766,775.7549967508209,0
258.53568630405516,21.85558961091057,16.949763958371136,29.744794728927204,71.75269527894807,2458.1118129970037,1
283.8346386400898,75.3381918986766,21.183023496018144,12.103244189237708,87.0068744468357,1806.4505973150117,2
111.99279488392588,83.60067968712505,53.64565815199504,21.857779462934733,56.74864461219812,711.212988346728,1
81.22340194306614,29.216022967960473,56.78739078902433,15.453366016520857,39.25881005689372,786.4893799761155,1
193.19986297170473,55.52674236566461,53.55349364918847,14.70438115950417,43.76817381189761,1921.2883472516573,1
122.62025132942892,85.663272521008,25.166879637438814,34.81906449211738,46.62383136185688,2506.8248203160856,1
7.615906698103458,75.95213902896255,46.8219301804129,11.257456501487725,50.99283150961753,1305.32056788455,1
46.845779209857106,58.80134849426634,28.580143998065928,22.57548627706364,74.99565493544165,849.0712444700174,0
214.79166865421925,63.13129214128956,29.852391128766133,15.046109672995545,72.06618391764033,2614.333660040741,1
197.6771825730454,55.752449222465195,12.280806543437038,36.37990647035422,78.72559030969273,2040.8780460774212,1
8.128797751045047,36.77936061869385,35.467818195510986,26.711215398251053,55.37513891720592,1399.4479131209218,0
66.59164857988483,60.85197935731145,11.168153865200876,16.94141909130544,87.67983563159848,1514.9105663099754,0
69.32243897642142,71.99967718450816,19.893881944031627,25.07281861499129,44.28613628090322,692.3437570155496,1
201.56782307961853,88.59906242747269,51.301812097196105,31.944590791093475,62.832852326270775,1917.7276271880473,2
5.913161326309247,67.26622185813233,12.424548552651313,38.743540267583015,86.06571050790012,1140.353280574377,0
31.232574595372153,78.50093833388422,4.269497110405968,16.613380127362568,42.61110534128335,2987.371012355613,0
239.97482561195682,24.40644714591157,4.140455556768979,36.58545316388035,37.690417961854806,1492.5321942594749,1
53.563398616300084,51.54017269778109,56.447071230186474,38.02912342502471,91.85787773815929,1509.0682579498782,1
195.82383235556242,10.839845784438397,30.415226277710076,37.49261633596198,54.00507639314371,1740.9701834909486,1
71.45483431401796,32.20109780694607,24.5647243090211,29.062430705857295,77.87090874363224,2758.5924090443655,0
29.832417827803546,75.38155436017044,48.65271486047511,28.89461963304123,31.774402298475692,2422.372489593276,1
72.95165729983623,99.26289562144271,50.14955567463096,22.096318995514682,78.30328218866147,1408.27720241374,1
216.68007955669773,18.92602896284943,19.931461986936277,32.57193646911364,52.127091808287936,2184.2278713211085,1
256.7089404318857,46.13448842751594,41.617083448427714,25.938820550527957,33.901859751120924,1800.0829464642088,1
249.0659593700975,82.00638718292436,46.2673689511132,30.323142136848833,72.68689330836818,1527.8644412336218,2
119.15505888553645,28.363207116600897,39.27904121195727,22.853737115463865,46.85626712512213,657.7157410746165,1
200.42554097119384,59.95764543720576,9.095704488005962,31.94489392129417,57.0765069436316,1445.4151640191837,1
61.495288624746294,75.97641664267073,52.552985011023424,34.73414552813647,35.640656860055955,812.8739023654665,1
87.94431907830398,65.43869052341611,32.34567316416052,14.393087698084484,40.30142757664618,2753.0422345697984,1
268.90074555633595,26.922226115387453,16.948345582200222,34.987891467226845,50.858406484709064,1072.679759139406,1
3.9005770532208106,41.984611181716545,25.513691126261634,26.208895953709217,36.283165039211,2861.5656421467797,0
25.652559256340425,80.54126060368574,2.254265423934443,35.33997727270673,93.75783852804207,1645.8603412746625,0
62.3658765438082,59.8803862718815,7.6720080733450535,22.939051190230437,30.42329302287849,1931.478698160865,0
7.959661162145915,10.470665218862147,45.93280503095165,21.37121456149105,63.8702153205018,1674.5272890190506,0
54.4306305269392,78.48916840252845,0.0006980853219684668,37.45182197551667,38.627322069278605,475.20378920343256,0
174.91246829090764,13.178021944621516,24.99394970893753,17.53507802645204,51.537536263456396,1189.8815351230287,0
126.42736517774938,77.1160404458109,31.350610865135305,35.32636975858429,94.82416918727859,387.5237256051094,1
267.8015133230925,28.223250414871366,3.2780652000583377,24.520617175282123,41.31861872917908,1906.566728131807,1
245.23306852153226,96.22661321074422,58.38468977833997,25.42286327653779,97.60826238028328,1395.9351660812729,2
102.54520550936279,43.11466761718761,13.567519874980317,19.25404844468452,44.40560638925952,2356.156417555717,0
77.82703002938774,39.42384547042712,18.251923178176853,27.19126601857047,81.90962759267808,739.3643948981725,0
113.90772245018007,23.39992452992002,18.23655073530164,19.756335888286337,68.26740854281182,577.2415694450713,0
177.0884827544423,37.50437939411934,13.824999727040995,11.178082427249569,91.91351093177315,1278.3634697949267,1
80.41909224686287,88.89856856453805,0.08842932517868496,18.15995816033068,68.77952788521917,2787.0976113333054,0
187.2446723547402,99.67009038645226,43.76068764527978,10.19137130219772,67.41914534094161,2160.223263535994,2
122.82349565737213,43.14785774561635,58.01072998795712,39.3506436117057,43.68206002578799,1314.8785118994642,1
165.61415425559406,50.37495678590883,13.457608997102703,38.97241629459242,41.63605534361611,1600.0892922875007,1
130.837958740595,74.98638443824633,39.78283150820535,21.85465892416915,94.15424057808599,344.21773241358517,1
88.3397278625753,89.75762024185671,44.51377961752291,31.85112563018938,52.94867391950238,2955.270099490728,1
284.535992088647,63.37399007681057,50.90552274543148,20.37418295231275,56.04575784740271,2032.581183615265,2
229.08173824792826,45.23731283600464,25.357751820816546,30.132794712579283,83.18765608998719,927.6717985439252,1
42.03395272993576,47.13596567637614,18.175854338425754,34.16290129137937,53.71764376959651,1798.8443432242086,0
260.54039276937385,72.60563318471262,19.517708041381866,38.40268734076722,96.6443712647302,417.49886160008253,1
146.2293594748541,10.289643724385082,42.75727998591077,22.00636827549016,81.65494382991602,2900.9263395419925,1
268.3656680682274,65.76304037138567,49.00676799033816,33.49893948868143,71.82004698013941,606.8764648617612,2
239.95657678419457,41.99437093972217,10.89683806539616,17.977853518963563,91.66266123813267,1979.287922360121,1
127.56405134077004,81.47775981493758,22.256460489465912,39.70996911380945,33.472413584463794,811.8179413628983,1
6.740792496035219,18.369157584081893,54.116411804949,10.773087962930534,47.99438845324461,2180.928009680754,0
80.60320781548383,62.93820402535515,48.40161118168435,28.10586419503363,62.552543395463694,2352.781964996815,1
162.49026439826008,53.28756008975114,59.091504165748546,29.785179449539815,45.88849776300647,2052.917213843155,1
190.04346594784417,67.80929733147048,45.254895580924845,30.641366712223864,82.07336311115063,1882.0484347400584,1
77.36630562996069,15.836823503467151,23.591712061675338,13.611627363672671,94.34456217376076,2688.160372460834,0
41.80682222184724,62.198540868531815,35.438270039678265,38.15589350419391,59.66390839516464,328.01746187029835,1
250.47907103978974,60.533612916357136,39.66085525483922,15.435498371502483,53.94928200783265,1059.652820762566,2
295.32065421106563,60.459408497455385,4.7073489790274365,28.682602097195232,97.30855124962964,820.0336909294533,1
157.70705469080576,64.31388999368093,32.669817546231904,16.68028237369255,61.13967029792786,2965.2404899897224,1
51.50378575449105,70.8821143503726,42.559249708356575,19.216492510638126,64.23338803144983,1229.2303610339331,1
81.69219795581068,82.44900997126928,10.039278240063624,26.39375625184373,54.615491063933376,2224.5768277971565,1
5.51720296424002,34.28386481153929,46.83790304553343,22.515802556937295,93.66839311084968,2085.7029752549133,0
274.2896419681497,84.25444691620558,35.0263668308467,14.806768029295188,69.82688382972955,715.0355886843954,2
35.32532486704234,54.843011403710825,57.13330714185568,15.12809207262545,83.35222110271513,793.0932726134988,1
172.95494265427607,16.935245122089803,2.5453378924135017,22.544343644883988,86.82647028456205,915.7252343037989,0
82.2165662061618,15.269583631958128,15.919568253328018,32.718489348265024,53.92943293420807,1292.2691069521998,0
166.253400754738,40.08144868264547,36.09323275798944,36.93893940543366,60.3586031924266,779.5426903865277,1
195.42611650555926,80.64072794003208,17.793594732355842,12.523829867781485,89.39302420843853,156.98929996585863,1
248.9225411121605,73.69128412668242,42.86544984427453,21.79311722678203,55.42787461730671,2650.239864740867,2
61.92638152818096,80.97534682051658,45.54031695131586,13.007366911686299,85.5754593416296,2900.2685110045636,1
3.2987485975441433,56.55421507974484,6.150957843988467,10.497774418977937,95.8694625802106,1090.554122391547,0
41.06568902064218,49.61790981599415,30.831267852406064,29.8515604793187,73.62472611476049,1081.6699503338714,0
270.00559255443153,23.270727403565555,30.533433335463354,28.073483258997634,81.91391012163223,120.56625704567585,1
262.1670232687546,39.53734782483804,22.156846212932464,14.890573414446585,86.35681184287944,2072.726996158085,1
179.2239306510925,49.061742955648775,55.975491754180325,17.014384992791925,89.15277542276498,2493.7756976710234,1
180.15505813009602,17.97403867116555,49.650379192393274,10.711232609335552,57.65373364997572,525.1640710440092,1
199.51100236387666,29.855075744009014,41.832562914578205,35.04841617083211,33.58844214231987,563.0324131647371,1
52.61138358703488,63.840276465736494,42.859598144099856,39.24071788145655,58.13133898657176,2391.2414249171693,1
274.32358377748795,76.20968028152708,27.702968628787147,14.063786103840723,77.16293608488628,1887.2431702270196,2
125.63115746762193,99.85127602536546,55.25967126579455,16.944256412958943,61.524527004655496,230.09561712037933,2
114.94155847484923,93.98019982092019,41.675725635197125,36.05228571840802,82.4274205602279,1905.3862723406169,1
155.67531158485127,67.83086795816723,43.73886369934899,37.79391393868555,54.988770062806466,995.8613962469216,1
14.089790032516515,47.91232479646648,51.70145422724072,22.58882148420431,74.43208987728207,1169.3029508654533,1
49.88501062682382,67.25596282374094,16.44429536053146,11.518674168072224,43.04938633977822,2332.2211130609526,0
221.41008492791113,80.70864562722087,48.42425423200218,11.181755010784581,82.45586056514699,2451.7120587505706,2
24.83960037753794,20.65025718310486,11.714436177389523,27.218495982070312,68.19871781691181,1261.0342178355088,0
180.94563283991647,46.891440072665944,20.72051713469327,21.78685326679537,44.28450719826204,2846.7435144184287,1
73.60473290439629,85.58220570720555,20.13662725619056,10.859572827329636,50.433782144846504,1278.7418820610094,1
116.78868421259297,44.54496567397396,58.711528103348435,27.4975717693767,82.40260960072827,2338.3245021673188,1
86.60812103120996,61.46850441044679,51.39223342487561,10.339076097670674,63.78208649630645,1503.2440672363512,1
106.70181493948473,62.89924247759784,42.07019169541559,33.621158744478194,45.12220082751506,2702.8437469140435,1
215.71377155527364,26.602862782027543,43.623405696923406,19.192984681101148,97.70898332592084,2732.507606585518,1
89.13651468695251,42.601189748705956,33.724367664154265,11.207740090276964,80.05875138718216,353.5087428261432,1
169.92139208906914,40.1060159867739,56.825440026511146,27.650566629494598,96.99943827778573,2815.8306607996547,1
142.8151206597299,12.35770376788583,29.77552517294169,21.93053243299164,59.897353175224026,2494.0510404092056,0
199.10134960879444,12.177258750221972,22.83106259219367,39.21401240071448,63.25702384842043,2394.801071506734,1
281.0489217974274,84.85273393081961,9.78212021589546,26.325959875111067,92.85686513295134,682.6428850880151,1
219.7716291630751,34.576372897553114,47.17233913566348,18.257175431110248,66.75345381717693,2434.845705388528,1
64.48211357722703,56.62708896149339,44.06663592453549,31.28316593901924,79.5095238333967,2565.3849305866065,1
9.354940518385401,36.88530162298957,23.06130231144809,18.14476007628134,47.652101424687096,938.5359699170377,0
78.67921328994753,94.66113206038065,1.5116048375537616,37.127298742226955,61.27085280918484,2861.5542272507387,0
178.52337921007646,33.336708297919635,50.339839663080646,21.241659115221292,38.64149060672486,244.59442455757633,1
15.427744045275105,48.66911314650416,0.685079007244418,26.49605688328616,44.41860251138732,534.736834416705,0
148.9098741603709,88.54572254361416,42.221986777743055,11.517193114726865,30.066039068734177,1658.9853003493915,1
179.05285467506675,85.77402101126278,58.21542658356342,22.783637138566924,32.748553615406216,1769.7981662546981,2
100.27316724508825,26.749127606164958,26.25967968889221,34.97090618982985,98.40986762238505,1970.9352415726198,0
231.27366112374656,82.23789788161393,14.098404299757165,34.16946416090026,46.96475865957336,149.21047501485273,1
31.97947594013154,51.23681980641034,42.2922606026029,16.729556765605786,76.43174966528014,2885.0636464041777,1
22.54133452074263,53.46719848768197,49.02768852093511,16.78237213031688,88.7369789159728,229.30546892901756,1
218.456626861081,22.01319751743494,32.78581896467084,34.519159366397105,68.5462321465595,514.8796628978669,1
148.64739486185954,17.254136238141218,58.02211651536877,37.91195260507976,40.720115005876934,140.64210082556525,1
206.5207189283208,75.51453762763887,3.100123299477666,12.860827638190106,80.96815061353165,1743.8894565528747,1
130.44820158112387,54.68150371197698,30.287735898271688,23.501759182786756,72.01759870697082,2803.5739633708195,1
73.92060997173205,49.31656323536616,43.10723683935301,20.12362836892687,81.18754125431626,2031.2467816333462,1
245.7306953022599,75.65574057871571,51.75842826895074,36.120653663723175,83.8822635999961,2485.7066585932394,2
239.82476369069377,78.89616090919988,10.755336714467402,12.505747440400564,98.27872573793216,138.51549002988224,1
208.40894125632803,24.30173509024182,48.000208905820884,16.33377827674112,70.1494296018697,1671.8443655912056,1
81.6435411689888,64.92026345298771,33.162424543112714,32.57405012759483,53.914877888342126,1432.7326347660135,1
177.06920006072613,22.1818674049917,23.793220919397793,11.538815469436468,75.3925189830166,1547.0070382402998,1
108.29216908200804,77.62375774261412,7.902901714745614,24.77606142142868,34.79084964698383,309.418237472045,1
27.474621997990244,69.12596406404256,51.917745534534745,23.2632110403916,92.81781228251104,2084.862547100992,1
275.1940726386728,96.09531589751121,9.436392490782922,20.03203536966246,38.35667079367377,1559.33920309004,2
41.04558927568842,16.206221472077907,18.587271552545953,21.83716945956771,52.948998652007276,2318.9316645976655,0
285.07120614624074,15.134924903612887,17.402731917746213,25.898217607906986,87.10217664382847,1507.3428387789745,1
133.80173188738672,35.39683672238802,52.28484205145126,14.841020751651493,71.81186648314983,533.2067450566531,1
